kpi_id,kpi_name,definition,formula,source_system_id,data_owner_person_id,business_owner_person_id,refresh_cadence,current_value,current_period,trend,target_fy2026,confidence,leading_or_lagging,tier,caveats,instrumentation_status,scope
kpi:meridian:001,ALOS adjusted for observation conversion,ALOS adjusted for observation conversion measured for Meridian plan operations with healthcare-specific caveats.,Numerator / denominator per owner-approved definition; see caveats.,system:meridian:epic-ambulatory,person:meridian:harold-kim,person:meridian:harold-kim,Weekly,51.1%,FY2026 Q3-to-date,Flat,56.4%,0.9,lagging,department,ALOS includes observation-status conversion adjustment.,measured,plan
kpi:meridian:002,ED door-to-provider time,ED door-to-provider time measured for Meridian shared operations with healthcare-specific caveats.,Numerator / denominator per owner-approved definition; see caveats.,system:meridian:epic-mychart,person:meridian:anita-krishnamurthy,person:meridian:anita-krishnamurthy,Monthly,52.2%,FY2026 Q3-to-date,Worsening,57.5%,0.9,leading,operational,Provider-plan data sharing constraints may affect timeliness.,measured,shared
kpi:meridian:003,OR block utilization,OR block utilization measured for Meridian provider operations with healthcare-specific caveats.,Numerator / denominator per owner-approved definition; see caveats.,system:meridian:epic-cogito,person:meridian:david-park,person:meridian:david-park,Quarterly,13,FY2026 Q3-to-date,Improving,58.6%,0.9,lagging,executive,Standard operational caveat.,measured,provider
kpi:meridian:004,30-day readmission rate,30-day readmission rate measured for Meridian plan operations with healthcare-specific caveats.,Numerator / denominator per owner-approved definition; see caveats.,system:meridian:epic-bridges,person:meridian:marcus-reid,person:meridian:marcus-reid,Daily,54.4%,FY2026 Q3-to-date,Flat,59.7%,0.9,leading,department,Standard operational caveat.,measured,plan
kpi:meridian:005,HCAHPS overall rating,HCAHPS overall rating measured for Meridian shared operations with healthcare-specific caveats.,Numerator / denominator per owner-approved definition; see caveats.,system:meridian:epic-healthy-planet,person:meridian:jennifer-wexler,person:meridian:jennifer-wexler,Weekly,55.5%,FY2026 Q3-to-date,Worsening,60.8%,0.9,lagging,operational,HCAHPS response rate about 30% and skewed to extreme experiences.,measured,shared
kpi:meridian:006,HCAHPS communication with nurses,HCAHPS communication with nurses measured for Meridian provider operations with healthcare-specific caveats.,Numerator / denominator per owner-approved definition; see caveats.,system:meridian:epic-beacon,person:meridian:sarah-obrien,person:meridian:sarah-obrien,Monthly,16,FY2026 Q3-to-date,Improving,61.9%,0.68,leading,executive,HCAHPS response rate about 30% and skewed to extreme experiences.,partially_measured,provider
kpi:meridian:007,Sepsis bundle compliance,Sepsis bundle compliance measured for Meridian plan operations with healthcare-specific caveats.,Numerator / denominator per owner-approved definition; see caveats.,system:meridian:epic-stork,person:meridian:rebecca-hollings,person:meridian:rebecca-hollings,Quarterly,57.7%,FY2026 Q3-to-date,Flat,62.0%,0.9,lagging,department,Standard operational caveat.,measured,plan
kpi:meridian:008,Surgical site infection rate,Surgical site infection rate measured for Meridian shared operations with healthcare-specific caveats.,Numerator / denominator per owner-approved definition; see caveats.,system:meridian:epic-cosmos,person:meridian:james-okonjo,person:meridian:james-okonjo,Daily,58.8%,FY2026 Q3-to-date,Worsening,63.1%,0.62,leading,operational,Provider-plan data sharing constraints may affect timeliness.,claimed_but_not_measured,shared
kpi:meridian:009,Risk-adjusted mortality,Risk-adjusted mortality measured for Meridian provider operations with healthcare-specific caveats.,Numerator / denominator per owner-approved definition; see caveats.,system:meridian:cerner-powerchart-hawaii,person:meridian:patricia-okafor,person:meridian:patricia-okafor,Weekly,19,FY2026 Q3-to-date,Improving,64.2%,0.9,lagging,executive,Standard operational caveat.,measured,provider
kpi:meridian:010,Hospital-acquired conditions,Hospital-acquired conditions measured for Meridian plan operations with healthcare-specific caveats.,Numerator / denominator per owner-approved definition; see caveats.,system:meridian:healthedge-healthrules,person:meridian:margaret-liu,person:meridian:margaret-liu,Monthly,60.0%,FY2026 Q3-to-date,Flat,65.3%,0.9,leading,department,Standard operational caveat.,measured,plan
kpi:meridian:011,Gross denial rate,Gross denial rate measured for Meridian shared operations with healthcare-specific caveats.,Numerator / denominator per owner-approved definition; see caveats.,system:meridian:dst-commercial-admin,person:meridian:karen-mercer,person:meridian:karen-mercer,Quarterly,61.1%,FY2026 Q3-to-date,Worsening,66.4%,0.9,lagging,operational,Gross-vs-net distinction must be preserved.,measured,shared
kpi:meridian:012,Net denial rate,Net denial rate measured for Meridian provider operations with healthcare-specific caveats.,Numerator / denominator per owner-approved definition; see caveats.,system:meridian:innovaccer-pop-health,person:meridian:robert-chen,person:meridian:robert-chen,Daily,22,FY2026 Q3-to-date,Improving,67.5%,0.68,leading,executive,Gross-vs-net distinction must be preserved.,partially_measured,provider
kpi:meridian:013,Days in AR,Days in AR measured for Meridian plan operations with healthcare-specific caveats.,Numerator / denominator per owner-approved definition; see caveats.,system:meridian:atlas-data-platform,person:meridian:thomas-hartwell,person:meridian:thomas-hartwell,Weekly,63.3%,FY2026 Q3-to-date,Flat,68.6%,0.9,lagging,department,Standard operational caveat.,measured,plan
kpi:meridian:014,Clean claim rate,Clean claim rate measured for Meridian shared operations with healthcare-specific caveats.,Numerator / denominator per owner-approved definition; see caveats.,system:meridian:zeomega-jiva,person:meridian:lakshmi-venkatesan,person:meridian:lakshmi-venkatesan,Monthly,64.4%,FY2026 Q3-to-date,Worsening,69.7%,0.9,leading,operational,Provider-plan data sharing constraints may affect timeliness.,measured,shared
kpi:meridian:015,Cost to collect,Cost to collect measured for Meridian provider operations with healthcare-specific caveats.,Numerator / denominator per owner-approved definition; see caveats.,system:meridian:cohere-prior-auth,person:meridian:andrew-fitzgerald,person:meridian:andrew-fitzgerald,Quarterly,25,FY2026 Q3-to-date,Improving,70.8%,0.9,lagging,executive,Standard operational caveat.,measured,provider
kpi:meridian:016,POS collection rate,POS collection rate measured for Meridian plan operations with healthcare-specific caveats.,Numerator / denominator per owner-approved definition; see caveats.,system:meridian:snowflake,person:meridian:priya-sharma,person:meridian:priya-sharma,Daily,66.6%,FY2026 Q3-to-date,Flat,71.9%,0.62,leading,department,Standard operational caveat.,claimed_but_not_measured,plan
kpi:meridian:017,MA member retention,MA member retention measured for Meridian shared operations with healthcare-specific caveats.,Numerator / denominator per owner-approved definition; see caveats.,system:meridian:aws,person:meridian:christopher-vega,person:meridian:christopher-vega,Weekly,67.7%,FY2026 Q3-to-date,Worsening,72.0%,0.9,lagging,operational,Provider-plan data sharing constraints may affect timeliness.,under_revision,shared
kpi:meridian:018,MA STAR overall rating,MA STAR overall rating measured for Meridian provider operations with healthcare-specific caveats.,Numerator / denominator per owner-approved definition; see caveats.,system:meridian:microsoft-365,person:meridian:kavita-patel,person:meridian:elaine-morales,Monthly,28,FY2026 Q3-to-date,Improving,73.1%,0.68,leading,executive,Standard operational caveat.,partially_measured,provider
kpi:meridian:019,MLR by line of business,MLR by line of business measured for Meridian plan operations with healthcare-specific caveats.,Numerator / denominator per owner-approved definition; see caveats.,system:meridian:workday-hcm,person:meridian:marcus-chen,person:meridian:harold-kim,Quarterly,69.9%,FY2026 Q3-to-date,Flat,74.2%,0.9,lagging,department,Standard operational caveat.,measured,plan
kpi:meridian:020,Network adequacy compliance,Network adequacy compliance measured for Meridian shared operations with healthcare-specific caveats.,Numerator / denominator per owner-approved definition; see caveats.,system:meridian:workday-finance,person:meridian:linda-howard,person:meridian:anita-krishnamurthy,Daily,70.0%,FY2026 Q3-to-date,Worsening,75.3%,0.9,leading,operational,Provider-plan data sharing constraints may affect timeliness.,measured,shared
kpi:meridian:021,Prior auth auto-approval rate,Prior auth auto-approval rate measured for Meridian provider operations with healthcare-specific caveats.,Numerator / denominator per owner-approved definition; see caveats.,system:meridian:servicenow,person:meridian:wei-zhang,person:meridian:david-park,Weekly,31,FY2026 Q3-to-date,Improving,76.4%,0.9,lagging,executive,Standard operational caveat.,measured,provider
kpi:meridian:022,HEDIS gap closure,HEDIS gap closure measured for Meridian plan operations with healthcare-specific caveats.,Numerator / denominator per owner-approved definition; see caveats.,system:meridian:okta,person:meridian:daniel-reyes,person:meridian:marcus-reid,Monthly,72.2%,FY2026 Q3-to-date,Flat,77.5%,0.9,leading,department,Standard operational caveat.,measured,plan
kpi:meridian:023,Total cost of care PMPM,Total cost of care PMPM measured for Meridian shared operations with healthcare-specific caveats.,Numerator / denominator per owner-approved definition; see caveats.,system:meridian:imprivata,person:meridian:jordan-mckenzie,person:meridian:jennifer-wexler,Quarterly,73.3%,FY2026 Q3-to-date,Worsening,78.6%,0.9,lagging,operational,Provider-plan data sharing constraints may affect timeliness.,measured,shared
kpi:meridian:024,ED utilization at-risk panels,ED utilization at-risk panels measured for Meridian provider operations with healthcare-specific caveats.,Numerator / denominator per owner-approved definition; see caveats.,system:meridian:salesforce-health-cloud,person:meridian:vacant-vp-applications,person:meridian:sarah-obrien,Daily,34,FY2026 Q3-to-date,Improving,79.7%,0.62,leading,executive,Standard operational caveat.,claimed_but_not_measured,provider
kpi:meridian:025,Primary care attribution,Primary care attribution measured for Meridian plan operations with healthcare-specific caveats.,Numerator / denominator per owner-approved definition; see caveats.,system:meridian:ge-pacs,person:meridian:jessica-toth,person:meridian:rebecca-hollings,Weekly,75.5%,FY2026 Q3-to-date,Flat,80.8%,0.9,lagging,department,Standard operational caveat.,measured,plan
kpi:meridian:026,Nursing turnover,Nursing turnover measured for Meridian shared operations with healthcare-specific caveats.,Numerator / denominator per owner-approved definition; see caveats.,system:meridian:mckesson-radiology,person:meridian:brian-sullivan,person:meridian:james-okonjo,Monthly,76.6%,FY2026 Q3-to-date,Worsening,81.9%,0.9,leading,operational,Provider-plan data sharing constraints may affect timeliness.,measured,shared
kpi:meridian:027,Traveler ratio,Traveler ratio measured for Meridian provider operations with healthcare-specific caveats.,Numerator / denominator per owner-approved definition; see caveats.,system:meridian:philips-cardiology,person:meridian:david-henderson,person:meridian:patricia-okafor,Quarterly,37,FY2026 Q3-to-date,Improving,82.0%,0.9,lagging,executive,Standard operational caveat.,measured,provider
kpi:meridian:028,Premium pay percentage,Premium pay percentage measured for Meridian plan operations with healthcare-specific caveats.,Numerator / denominator per owner-approved definition; see caveats.,system:meridian:sunquest-lab,person:meridian:maya-ramos,person:meridian:margaret-liu,Daily,78.8%,FY2026 Q3-to-date,Flat,83.1%,0.9,leading,department,Standard operational caveat.,measured,plan
kpi:meridian:029,MyChart activation,MyChart activation measured for Meridian shared operations with healthcare-specific caveats.,Numerator / denominator per owner-approved definition; see caveats.,system:meridian:omnicell,person:meridian:owen-li,person:meridian:karen-mercer,Weekly,79.9%,FY2026 Q3-to-date,Worsening,84.2%,0.9,lagging,operational,Provider-plan data sharing constraints may affect timeliness.,measured,shared
kpi:meridian:030,Online scheduling utilization,Online scheduling utilization measured for Meridian provider operations with healthcare-specific caveats.,Numerator / denominator per owner-approved definition; see caveats.,system:meridian:willow-pharmacy,person:meridian:natalie-greer,person:meridian:robert-chen,Monthly,40,FY2026 Q3-to-date,Improving,85.3%,0.68,leading,executive,Standard operational caveat.,partially_measured,provider
kpi:meridian:031,Patient self-service collections,Patient self-service collections measured for Meridian plan operations with healthcare-specific caveats.,Numerator / denominator per owner-approved definition; see caveats.,system:meridian:vocera,person:meridian:samuel-ito,person:meridian:thomas-hartwell,Quarterly,81.1%,FY2026 Q3-to-date,Flat,86.4%,0.9,lagging,department,Standard operational caveat.,measured,plan
kpi:meridian:032,ALOS adjusted for observation conversion 32,ALOS adjusted for observation conversion 32 measured for Meridian shared operations with healthcare-specific caveats.,Numerator / denominator per owner-approved definition; see caveats.,system:meridian:perfectserve,person:meridian:leah-benitez,person:meridian:lakshmi-venkatesan,Daily,82.2%,FY2026 Q3-to-date,Worsening,87.5%,0.62,leading,operational,ALOS includes observation-status conversion adjustment.,claimed_but_not_measured,shared
kpi:meridian:033,ED door-to-provider time 33,ED door-to-provider time 33 measured for Meridian provider operations with healthcare-specific caveats.,Numerator / denominator per owner-approved definition; see caveats.,system:meridian:phreesia,person:meridian:aiden-walsh,person:meridian:andrew-fitzgerald,Weekly,43,FY2026 Q3-to-date,Improving,88.6%,0.9,lagging,executive,Standard operational caveat.,measured,provider
kpi:meridian:034,OR block utilization 34,OR block utilization 34 measured for Meridian plan operations with healthcare-specific caveats.,Numerator / denominator per owner-approved definition; see caveats.,system:meridian:press-ganey,person:meridian:elaine-morales,person:meridian:priya-sharma,Monthly,84.4%,FY2026 Q3-to-date,Flat,89.7%,0.9,leading,department,Standard operational caveat.,under_revision,plan
kpi:meridian:035,30-day readmission rate 35,30-day readmission rate 35 measured for Meridian shared operations with healthcare-specific caveats.,Numerator / denominator per owner-approved definition; see caveats.,system:meridian:qualtrics,person:meridian:harold-kim,person:meridian:christopher-vega,Quarterly,85.5%,FY2026 Q3-to-date,Worsening,55.8%,0.9,lagging,operational,Provider-plan data sharing constraints may affect timeliness.,measured,shared
kpi:meridian:036,HCAHPS overall rating 36,HCAHPS overall rating 36 measured for Meridian provider operations with healthcare-specific caveats.,Numerator / denominator per owner-approved definition; see caveats.,system:meridian:symplr-wfm,person:meridian:anita-krishnamurthy,person:meridian:elaine-morales,Daily,46,FY2026 Q3-to-date,Improving,56.9%,0.68,leading,executive,HCAHPS response rate about 30% and skewed to extreme experiences.,partially_measured,provider
kpi:meridian:037,HCAHPS communication with nurses 37,HCAHPS communication with nurses 37 measured for Meridian plan operations with healthcare-specific caveats.,Numerator / denominator per owner-approved definition; see caveats.,system:meridian:api-healthcare,person:meridian:david-park,person:meridian:harold-kim,Weekly,87.7%,FY2026 Q3-to-date,Flat,57.0%,0.9,lagging,department,HCAHPS response rate about 30% and skewed to extreme experiences.,measured,plan
kpi:meridian:038,Sepsis bundle compliance 38,Sepsis bundle compliance 38 measured for Meridian shared operations with healthcare-specific caveats.,Numerator / denominator per owner-approved definition; see caveats.,system:meridian:smart-square,person:meridian:marcus-reid,person:meridian:anita-krishnamurthy,Monthly,88.8%,FY2026 Q3-to-date,Worsening,58.1%,0.9,leading,operational,Provider-plan data sharing constraints may affect timeliness.,measured,shared
kpi:meridian:039,Surgical site infection rate 39,Surgical site infection rate 39 measured for Meridian provider operations with healthcare-specific caveats.,Numerator / denominator per owner-approved definition; see caveats.,system:meridian:lawson-legacy,person:meridian:jennifer-wexler,person:meridian:david-park,Quarterly,49,FY2026 Q3-to-date,Improving,59.2%,0.9,lagging,executive,Standard operational caveat.,measured,provider
kpi:meridian:040,Risk-adjusted mortality 40,Risk-adjusted mortality 40 measured for Meridian plan operations with healthcare-specific caveats.,Numerator / denominator per owner-approved definition; see caveats.,system:meridian:ghx,person:meridian:sarah-obrien,person:meridian:marcus-reid,Daily,50.0%,FY2026 Q3-to-date,Flat,60.3%,0.62,leading,department,Standard operational caveat.,claimed_but_not_measured,plan
kpi:meridian:041,Hospital-acquired conditions 41,Hospital-acquired conditions 41 measured for Meridian shared operations with healthcare-specific caveats.,Numerator / denominator per owner-approved definition; see caveats.,system:meridian:mirth,person:meridian:rebecca-hollings,person:meridian:jennifer-wexler,Weekly,51.1%,FY2026 Q3-to-date,Worsening,61.4%,0.9,lagging,operational,Provider-plan data sharing constraints may affect timeliness.,measured,shared
kpi:meridian:042,Gross denial rate 42,Gross denial rate 42 measured for Meridian provider operations with healthcare-specific caveats.,Numerator / denominator per owner-approved definition; see caveats.,system:meridian:rhapsody,person:meridian:james-okonjo,person:meridian:sarah-obrien,Monthly,52,FY2026 Q3-to-date,Improving,62.5%,0.68,leading,executive,Gross-vs-net distinction must be preserved.,partially_measured,provider
kpi:meridian:043,Net denial rate 43,Net denial rate 43 measured for Meridian plan operations with healthcare-specific caveats.,Numerator / denominator per owner-approved definition; see caveats.,system:meridian:carequality,person:meridian:patricia-okafor,person:meridian:rebecca-hollings,Quarterly,53.3%,FY2026 Q3-to-date,Flat,63.6%,0.9,lagging,department,Gross-vs-net distinction must be preserved.,measured,plan
kpi:meridian:044,Days in AR 44,Days in AR 44 measured for Meridian shared operations with healthcare-specific caveats.,Numerator / denominator per owner-approved definition; see caveats.,system:meridian:commonwell,person:meridian:margaret-liu,person:meridian:james-okonjo,Daily,54.4%,FY2026 Q3-to-date,Worsening,64.7%,0.9,leading,operational,Provider-plan data sharing constraints may affect timeliness.,measured,shared
kpi:meridian:045,Clean claim rate 45,Clean claim rate 45 measured for Meridian provider operations with healthcare-specific caveats.,Numerator / denominator per owner-approved definition; see caveats.,system:meridian:doxyme,person:meridian:karen-mercer,person:meridian:patricia-okafor,Weekly,55,FY2026 Q3-to-date,Improving,65.8%,0.9,lagging,executive,Standard operational caveat.,measured,provider
kpi:meridian:046,Cost to collect 46,Cost to collect 46 measured for Meridian plan operations with healthcare-specific caveats.,Numerator / denominator per owner-approved definition; see caveats.,system:meridian:tableau,person:meridian:robert-chen,person:meridian:margaret-liu,Monthly,56.6%,FY2026 Q3-to-date,Flat,66.9%,0.9,leading,department,Standard operational caveat.,measured,plan
kpi:meridian:047,POS collection rate 47,POS collection rate 47 measured for Meridian shared operations with healthcare-specific caveats.,Numerator / denominator per owner-approved definition; see caveats.,system:meridian:powerbi,person:meridian:thomas-hartwell,person:meridian:karen-mercer,Quarterly,57.7%,FY2026 Q3-to-date,Worsening,67.0%,0.9,lagging,operational,Provider-plan data sharing constraints may affect timeliness.,measured,shared
kpi:meridian:048,MA member retention 48,MA member retention 48 measured for Meridian provider operations with healthcare-specific caveats.,Numerator / denominator per owner-approved definition; see caveats.,system:meridian:quest-network,person:meridian:lakshmi-venkatesan,person:meridian:robert-chen,Daily,58,FY2026 Q3-to-date,Improving,68.1%,0.62,leading,executive,Standard operational caveat.,claimed_but_not_measured,provider
kpi:meridian:049,MA STAR overall rating 49,MA STAR overall rating 49 measured for Meridian plan operations with healthcare-specific caveats.,Numerator / denominator per owner-approved definition; see caveats.,system:meridian:episource-hcc,person:meridian:andrew-fitzgerald,person:meridian:thomas-hartwell,Weekly,59.9%,FY2026 Q3-to-date,Flat,69.2%,0.9,lagging,department,Standard operational caveat.,measured,plan
kpi:meridian:050,MLR by line of business 50,MLR by line of business 50 measured for Meridian shared operations with healthcare-specific caveats.,Numerator / denominator per owner-approved definition; see caveats.,system:meridian:inovalon-stars,person:meridian:priya-sharma,person:meridian:lakshmi-venkatesan,Monthly,60.0%,FY2026 Q3-to-date,Worsening,70.3%,0.9,leading,operational,Provider-plan data sharing constraints may affect timeliness.,measured,shared
kpi:meridian:051,Network adequacy compliance 51,Network adequacy compliance 51 measured for Meridian provider operations with healthcare-specific caveats.,Numerator / denominator per owner-approved definition; see caveats.,system:meridian:cotiviti-hedis,person:meridian:christopher-vega,person:meridian:andrew-fitzgerald,Quarterly,61,FY2026 Q3-to-date,Improving,71.4%,0.9,lagging,executive,Standard operational caveat.,under_revision,provider
kpi:meridian:052,Prior auth auto-approval rate 52,Prior auth auto-approval rate 52 measured for Meridian plan operations with healthcare-specific caveats.,Numerator / denominator per owner-approved definition; see caveats.,system:meridian:symplr-provider,person:meridian:kavita-patel,person:meridian:priya-sharma,Daily,62.2%,FY2026 Q3-to-date,Flat,72.5%,0.9,leading,department,Standard operational caveat.,measured,plan
kpi:meridian:053,HEDIS gap closure 53,HEDIS gap closure 53 measured for Meridian shared operations with healthcare-specific caveats.,Numerator / denominator per owner-approved definition; see caveats.,system:meridian:sailpoint,person:meridian:marcus-chen,person:meridian:christopher-vega,Weekly,63.3%,FY2026 Q3-to-date,Worsening,73.6%,0.9,lagging,operational,Provider-plan data sharing constraints may affect timeliness.,measured,shared
kpi:meridian:054,Total cost of care PMPM 54,Total cost of care PMPM 54 measured for Meridian provider operations with healthcare-specific caveats.,Numerator / denominator per owner-approved definition; see caveats.,system:meridian:crowdstrike,person:meridian:linda-howard,person:meridian:elaine-morales,Monthly,64,FY2026 Q3-to-date,Improving,74.7%,0.68,leading,executive,Standard operational caveat.,partially_measured,provider
kpi:meridian:055,ED utilization at-risk panels 55,ED utilization at-risk panels 55 measured for Meridian plan operations with healthcare-specific caveats.,Numerator / denominator per owner-approved definition; see caveats.,system:meridian:paloalto-ngfw,person:meridian:wei-zhang,person:meridian:harold-kim,Quarterly,65.5%,FY2026 Q3-to-date,Flat,75.8%,0.9,lagging,department,Standard operational caveat.,measured,plan
kpi:meridian:056,Primary care attribution 56,Primary care attribution 56 measured for Meridian shared operations with healthcare-specific caveats.,Numerator / denominator per owner-approved definition; see caveats.,system:meridian:proofpoint,person:meridian:daniel-reyes,person:meridian:anita-krishnamurthy,Daily,66.6%,FY2026 Q3-to-date,Worsening,76.9%,0.62,leading,operational,Provider-plan data sharing constraints may affect timeliness.,claimed_but_not_measured,shared
kpi:meridian:057,Nursing turnover 57,Nursing turnover 57 measured for Meridian provider operations with healthcare-specific caveats.,Numerator / denominator per owner-approved definition; see caveats.,system:meridian:sentinel-siem,person:meridian:jordan-mckenzie,person:meridian:david-park,Weekly,67,FY2026 Q3-to-date,Improving,77.0%,0.9,lagging,executive,Standard operational caveat.,measured,provider
kpi:meridian:058,Traveler ratio 58,Traveler ratio 58 measured for Meridian plan operations with healthcare-specific caveats.,Numerator / denominator per owner-approved definition; see caveats.,system:meridian:mulesoft,person:meridian:vacant-vp-applications,person:meridian:marcus-reid,Monthly,68.8%,FY2026 Q3-to-date,Flat,78.1%,0.9,leading,department,Standard operational caveat.,measured,plan
kpi:meridian:059,Premium pay percentage 59,Premium pay percentage 59 measured for Meridian shared operations with healthcare-specific caveats.,Numerator / denominator per owner-approved definition; see caveats.,system:meridian:snaplogic,person:meridian:jessica-toth,person:meridian:jennifer-wexler,Quarterly,69.9%,FY2026 Q3-to-date,Worsening,79.2%,0.9,lagging,operational,Provider-plan data sharing constraints may affect timeliness.,measured,shared
kpi:meridian:060,MyChart activation 60,MyChart activation 60 measured for Meridian provider operations with healthcare-specific caveats.,Numerator / denominator per owner-approved definition; see caveats.,system:meridian:dbt,person:meridian:brian-sullivan,person:meridian:sarah-obrien,Daily,70,FY2026 Q3-to-date,Improving,80.3%,0.68,leading,executive,Standard operational caveat.,partially_measured,provider
kpi:meridian:061,Online scheduling utilization 61,Online scheduling utilization 61 measured for Meridian plan operations with healthcare-specific caveats.,Numerator / denominator per owner-approved definition; see caveats.,system:meridian:notable-rcm,person:meridian:david-henderson,person:meridian:rebecca-hollings,Weekly,71.1%,FY2026 Q3-to-date,Flat,81.4%,0.9,lagging,department,Standard operational caveat.,measured,plan
kpi:meridian:062,Patient self-service collections 62,Patient self-service collections 62 measured for Meridian shared operations with healthcare-specific caveats.,Numerator / denominator per owner-approved definition; see caveats.,system:meridian:olive-rcm,person:meridian:maya-ramos,person:meridian:james-okonjo,Monthly,72.2%,FY2026 Q3-to-date,Worsening,82.5%,0.9,leading,operational,Provider-plan data sharing constraints may affect timeliness.,measured,shared
kpi:meridian:063,ALOS adjusted for observation conversion 63,ALOS adjusted for observation conversion 63 measured for Meridian provider operations with healthcare-specific caveats.,Numerator / denominator per owner-approved definition; see caveats.,system:meridian:abridge,person:meridian:owen-li,person:meridian:patricia-okafor,Quarterly,73,FY2026 Q3-to-date,Improving,83.6%,0.9,lagging,executive,ALOS includes observation-status conversion adjustment.,measured,provider
kpi:meridian:064,ED door-to-provider time 64,ED door-to-provider time 64 measured for Meridian plan operations with healthcare-specific caveats.,Numerator / denominator per owner-approved definition; see caveats.,system:meridian:suki,person:meridian:natalie-greer,person:meridian:margaret-liu,Daily,74.4%,FY2026 Q3-to-date,Flat,84.7%,0.62,leading,department,Standard operational caveat.,claimed_but_not_measured,plan
kpi:meridian:065,OR block utilization 65,OR block utilization 65 measured for Meridian shared operations with healthcare-specific caveats.,Numerator / denominator per owner-approved definition; see caveats.,system:meridian:dax-copilot,person:meridian:samuel-ito,person:meridian:karen-mercer,Weekly,75.5%,FY2026 Q3-to-date,Worsening,85.8%,0.9,lagging,operational,Provider-plan data sharing constraints may affect timeliness.,measured,shared
kpi:meridian:066,30-day readmission rate 66,30-day readmission rate 66 measured for Meridian provider operations with healthcare-specific caveats.,Numerator / denominator per owner-approved definition; see caveats.,system:meridian:dept-app-01,person:meridian:leah-benitez,person:meridian:robert-chen,Monthly,76,FY2026 Q3-to-date,Improving,86.9%,0.68,leading,executive,Standard operational caveat.,partially_measured,provider
kpi:meridian:067,HCAHPS overall rating 67,HCAHPS overall rating 67 measured for Meridian plan operations with healthcare-specific caveats.,Numerator / denominator per owner-approved definition; see caveats.,system:meridian:dept-app-02,person:meridian:aiden-walsh,person:meridian:thomas-hartwell,Quarterly,77.7%,FY2026 Q3-to-date,Flat,87.0%,0.9,lagging,department,HCAHPS response rate about 30% and skewed to extreme experiences.,measured,plan
kpi:meridian:068,HCAHPS communication with nurses 68,HCAHPS communication with nurses 68 measured for Meridian shared operations with healthcare-specific caveats.,Numerator / denominator per owner-approved definition; see caveats.,system:meridian:dept-app-03,person:meridian:elaine-morales,person:meridian:lakshmi-venkatesan,Daily,78.8%,FY2026 Q3-to-date,Worsening,88.1%,0.9,leading,operational,HCAHPS response rate about 30% and skewed to extreme experiences.,under_revision,shared
kpi:meridian:069,Sepsis bundle compliance 69,Sepsis bundle compliance 69 measured for Meridian provider operations with healthcare-specific caveats.,Numerator / denominator per owner-approved definition; see caveats.,system:meridian:dept-app-04,person:meridian:harold-kim,person:meridian:andrew-fitzgerald,Weekly,79,FY2026 Q3-to-date,Improving,89.2%,0.9,lagging,executive,Standard operational caveat.,measured,provider
kpi:meridian:070,Surgical site infection rate 70,Surgical site infection rate 70 measured for Meridian plan operations with healthcare-specific caveats.,Numerator / denominator per owner-approved definition; see caveats.,system:meridian:dept-app-05,person:meridian:anita-krishnamurthy,person:meridian:priya-sharma,Monthly,80.0%,FY2026 Q3-to-date,Flat,55.3%,0.9,leading,department,Standard operational caveat.,measured,plan
kpi:meridian:071,Risk-adjusted mortality 71,Risk-adjusted mortality 71 measured for Meridian shared operations with healthcare-specific caveats.,Numerator / denominator per owner-approved definition; see caveats.,system:meridian:dept-app-06,person:meridian:david-park,person:meridian:christopher-vega,Quarterly,81.1%,FY2026 Q3-to-date,Worsening,56.4%,0.9,lagging,operational,Provider-plan data sharing constraints may affect timeliness.,measured,shared
kpi:meridian:072,Hospital-acquired conditions 72,Hospital-acquired conditions 72 measured for Meridian provider operations with healthcare-specific caveats.,Numerator / denominator per owner-approved definition; see caveats.,system:meridian:dept-app-07,person:meridian:marcus-reid,person:meridian:elaine-morales,Daily,82,FY2026 Q3-to-date,Improving,57.5%,0.62,leading,executive,Standard operational caveat.,claimed_but_not_measured,provider
kpi:meridian:073,Gross denial rate 73,Gross denial rate 73 measured for Meridian plan operations with healthcare-specific caveats.,Numerator / denominator per owner-approved definition; see caveats.,system:meridian:dept-app-08,person:meridian:jennifer-wexler,person:meridian:harold-kim,Weekly,83.3%,FY2026 Q3-to-date,Flat,58.6%,0.9,lagging,department,Gross-vs-net distinction must be preserved.,measured,plan
kpi:meridian:074,Net denial rate 74,Net denial rate 74 measured for Meridian shared operations with healthcare-specific caveats.,Numerator / denominator per owner-approved definition; see caveats.,system:meridian:dept-app-09,person:meridian:sarah-obrien,person:meridian:anita-krishnamurthy,Monthly,84.4%,FY2026 Q3-to-date,Worsening,59.7%,0.9,leading,operational,Gross-vs-net distinction must be preserved.,measured,shared
kpi:meridian:075,Days in AR 75,Days in AR 75 measured for Meridian provider operations with healthcare-specific caveats.,Numerator / denominator per owner-approved definition; see caveats.,system:meridian:dept-app-10,person:meridian:rebecca-hollings,person:meridian:david-park,Quarterly,85,FY2026 Q3-to-date,Improving,60.8%,0.9,lagging,executive,Standard operational caveat.,measured,provider
kpi:meridian:076,Clean claim rate 76,Clean claim rate 76 measured for Meridian plan operations with healthcare-specific caveats.,Numerator / denominator per owner-approved definition; see caveats.,system:meridian:dept-app-11,person:meridian:james-okonjo,person:meridian:marcus-reid,Daily,86.6%,FY2026 Q3-to-date,Flat,61.9%,0.9,leading,department,Standard operational caveat.,measured,plan
kpi:meridian:077,Cost to collect 77,Cost to collect 77 measured for Meridian shared operations with healthcare-specific caveats.,Numerator / denominator per owner-approved definition; see caveats.,system:meridian:dept-app-12,person:meridian:patricia-okafor,person:meridian:jennifer-wexler,Weekly,87.7%,FY2026 Q3-to-date,Worsening,62.0%,0.9,lagging,operational,Provider-plan data sharing constraints may affect timeliness.,measured,shared
kpi:meridian:078,POS collection rate 78,POS collection rate 78 measured for Meridian provider operations with healthcare-specific caveats.,Numerator / denominator per owner-approved definition; see caveats.,system:meridian:dept-app-13,person:meridian:margaret-liu,person:meridian:sarah-obrien,Monthly,88,FY2026 Q3-to-date,Improving,63.1%,0.68,leading,executive,Standard operational caveat.,partially_measured,provider
kpi:meridian:079,MA member retention 79,MA member retention 79 measured for Meridian plan operations with healthcare-specific caveats.,Numerator / denominator per owner-approved definition; see caveats.,system:meridian:dept-app-14,person:meridian:karen-mercer,person:meridian:rebecca-hollings,Quarterly,89.9%,FY2026 Q3-to-date,Flat,64.2%,0.9,lagging,department,Standard operational caveat.,measured,plan
kpi:meridian:080,MA STAR overall rating 80,MA STAR overall rating 80 measured for Meridian shared operations with healthcare-specific caveats.,Numerator / denominator per owner-approved definition; see caveats.,system:meridian:dept-app-15,person:meridian:robert-chen,person:meridian:james-okonjo,Daily,50.0%,FY2026 Q3-to-date,Worsening,65.3%,0.62,leading,operational,Provider-plan data sharing constraints may affect timeliness.,claimed_but_not_measured,shared
kpi:meridian:081,MLR by line of business 81,MLR by line of business 81 measured for Meridian provider operations with healthcare-specific caveats.,Numerator / denominator per owner-approved definition; see caveats.,system:meridian:dept-app-16,person:meridian:thomas-hartwell,person:meridian:patricia-okafor,Weekly,91,FY2026 Q3-to-date,Improving,66.4%,0.9,lagging,executive,Standard operational caveat.,measured,provider
kpi:meridian:082,Network adequacy compliance 82,Network adequacy compliance 82 measured for Meridian plan operations with healthcare-specific caveats.,Numerator / denominator per owner-approved definition; see caveats.,system:meridian:dept-app-17,person:meridian:lakshmi-venkatesan,person:meridian:margaret-liu,Monthly,52.2%,FY2026 Q3-to-date,Flat,67.5%,0.9,leading,department,Standard operational caveat.,measured,plan
kpi:meridian:083,Prior auth auto-approval rate 83,Prior auth auto-approval rate 83 measured for Meridian shared operations with healthcare-specific caveats.,Numerator / denominator per owner-approved definition; see caveats.,system:meridian:dept-app-18,person:meridian:andrew-fitzgerald,person:meridian:karen-mercer,Quarterly,53.3%,FY2026 Q3-to-date,Worsening,68.6%,0.9,lagging,operational,Provider-plan data sharing constraints may affect timeliness.,measured,shared
kpi:meridian:084,HEDIS gap closure 84,HEDIS gap closure 84 measured for Meridian provider operations with healthcare-specific caveats.,Numerator / denominator per owner-approved definition; see caveats.,system:meridian:dept-app-19,person:meridian:priya-sharma,person:meridian:robert-chen,Daily,94,FY2026 Q3-to-date,Improving,69.7%,0.68,leading,executive,Standard operational caveat.,partially_measured,provider
kpi:meridian:085,Total cost of care PMPM 85,Total cost of care PMPM 85 measured for Meridian plan operations with healthcare-specific caveats.,Numerator / denominator per owner-approved definition; see caveats.,system:meridian:dept-app-20,person:meridian:christopher-vega,person:meridian:thomas-hartwell,Weekly,55.5%,FY2026 Q3-to-date,Flat,70.8%,0.9,lagging,department,Standard operational caveat.,under_revision,plan
kpi:meridian:086,ED utilization at-risk panels 86,ED utilization at-risk panels 86 measured for Meridian shared operations with healthcare-specific caveats.,Numerator / denominator per owner-approved definition; see caveats.,system:meridian:dept-app-21,person:meridian:kavita-patel,person:meridian:lakshmi-venkatesan,Monthly,56.6%,FY2026 Q3-to-date,Worsening,71.9%,0.9,leading,operational,Provider-plan data sharing constraints may affect timeliness.,measured,shared
kpi:meridian:087,Primary care attribution 87,Primary care attribution 87 measured for Meridian provider operations with healthcare-specific caveats.,Numerator / denominator per owner-approved definition; see caveats.,system:meridian:dept-app-22,person:meridian:marcus-chen,person:meridian:andrew-fitzgerald,Quarterly,97,FY2026 Q3-to-date,Improving,72.0%,0.9,lagging,executive,Standard operational caveat.,measured,provider
kpi:meridian:088,Nursing turnover 88,Nursing turnover 88 measured for Meridian plan operations with healthcare-specific caveats.,Numerator / denominator per owner-approved definition; see caveats.,system:meridian:dept-app-23,person:meridian:linda-howard,person:meridian:priya-sharma,Daily,58.8%,FY2026 Q3-to-date,Flat,73.1%,0.62,leading,department,Standard operational caveat.,claimed_but_not_measured,plan
kpi:meridian:089,Traveler ratio 89,Traveler ratio 89 measured for Meridian shared operations with healthcare-specific caveats.,Numerator / denominator per owner-approved definition; see caveats.,system:meridian:dept-app-24,person:meridian:wei-zhang,person:meridian:christopher-vega,Weekly,59.9%,FY2026 Q3-to-date,Worsening,74.2%,0.9,lagging,operational,Provider-plan data sharing constraints may affect timeliness.,measured,shared
kpi:meridian:090,Premium pay percentage 90,Premium pay percentage 90 measured for Meridian provider operations with healthcare-specific caveats.,Numerator / denominator per owner-approved definition; see caveats.,system:meridian:dept-app-25,person:meridian:daniel-reyes,person:meridian:elaine-morales,Monthly,100,FY2026 Q3-to-date,Improving,75.3%,0.68,leading,executive,Standard operational caveat.,partially_measured,provider
kpi:meridian:091,MyChart activation 91,MyChart activation 91 measured for Meridian plan operations with healthcare-specific caveats.,Numerator / denominator per owner-approved definition; see caveats.,system:meridian:dept-app-26,person:meridian:jordan-mckenzie,person:meridian:harold-kim,Quarterly,61.1%,FY2026 Q3-to-date,Flat,76.4%,0.9,lagging,department,Standard operational caveat.,measured,plan
kpi:meridian:092,Online scheduling utilization 92,Online scheduling utilization 92 measured for Meridian shared operations with healthcare-specific caveats.,Numerator / denominator per owner-approved definition; see caveats.,system:meridian:dept-app-27,person:meridian:vacant-vp-applications,person:meridian:anita-krishnamurthy,Daily,62.2%,FY2026 Q3-to-date,Worsening,77.5%,0.9,leading,operational,Provider-plan data sharing constraints may affect timeliness.,measured,shared
kpi:meridian:093,Patient self-service collections 93,Patient self-service collections 93 measured for Meridian provider operations with healthcare-specific caveats.,Numerator / denominator per owner-approved definition; see caveats.,system:meridian:dept-app-28,person:meridian:jessica-toth,person:meridian:david-park,Weekly,103,FY2026 Q3-to-date,Improving,78.6%,0.9,lagging,executive,Standard operational caveat.,measured,provider
kpi:meridian:094,ALOS adjusted for observation conversion 94,ALOS adjusted for observation conversion 94 measured for Meridian plan operations with healthcare-specific caveats.,Numerator / denominator per owner-approved definition; see caveats.,system:meridian:dept-app-29,person:meridian:brian-sullivan,person:meridian:marcus-reid,Monthly,64.4%,FY2026 Q3-to-date,Flat,79.7%,0.9,leading,department,ALOS includes observation-status conversion adjustment.,measured,plan
kpi:meridian:095,ED door-to-provider time 95,ED door-to-provider time 95 measured for Meridian shared operations with healthcare-specific caveats.,Numerator / denominator per owner-approved definition; see caveats.,system:meridian:dept-app-30,person:meridian:david-henderson,person:meridian:jennifer-wexler,Quarterly,65.5%,FY2026 Q3-to-date,Worsening,80.8%,0.9,lagging,operational,Provider-plan data sharing constraints may affect timeliness.,measured,shared
kpi:meridian:096,OR block utilization 96,OR block utilization 96 measured for Meridian provider operations with healthcare-specific caveats.,Numerator / denominator per owner-approved definition; see caveats.,system:meridian:dept-app-31,person:meridian:maya-ramos,person:meridian:sarah-obrien,Daily,106,FY2026 Q3-to-date,Improving,81.9%,0.62,leading,executive,Standard operational caveat.,claimed_but_not_measured,provider
kpi:meridian:097,30-day readmission rate 97,30-day readmission rate 97 measured for Meridian plan operations with healthcare-specific caveats.,Numerator / denominator per owner-approved definition; see caveats.,system:meridian:dept-app-32,person:meridian:owen-li,person:meridian:rebecca-hollings,Weekly,67.7%,FY2026 Q3-to-date,Flat,82.0%,0.9,lagging,department,Standard operational caveat.,measured,plan
kpi:meridian:098,HCAHPS overall rating 98,HCAHPS overall rating 98 measured for Meridian shared operations with healthcare-specific caveats.,Numerator / denominator per owner-approved definition; see caveats.,system:meridian:dept-app-33,person:meridian:natalie-greer,person:meridian:james-okonjo,Monthly,68.8%,FY2026 Q3-to-date,Worsening,83.1%,0.9,leading,operational,HCAHPS response rate about 30% and skewed to extreme experiences.,measured,shared
kpi:meridian:099,HCAHPS communication with nurses 99,HCAHPS communication with nurses 99 measured for Meridian provider operations with healthcare-specific caveats.,Numerator / denominator per owner-approved definition; see caveats.,system:meridian:dept-app-34,person:meridian:samuel-ito,person:meridian:patricia-okafor,Quarterly,109,FY2026 Q3-to-date,Improving,84.2%,0.9,lagging,executive,HCAHPS response rate about 30% and skewed to extreme experiences.,measured,provider
kpi:meridian:100,Sepsis bundle compliance 100,Sepsis bundle compliance 100 measured for Meridian plan operations with healthcare-specific caveats.,Numerator / denominator per owner-approved definition; see caveats.,system:meridian:dept-app-35,person:meridian:leah-benitez,person:meridian:margaret-liu,Daily,70.0%,FY2026 Q3-to-date,Flat,85.3%,0.9,leading,department,Standard operational caveat.,measured,plan
kpi:meridian:101,Surgical site infection rate 101,Surgical site infection rate 101 measured for Meridian shared operations with healthcare-specific caveats.,Numerator / denominator per owner-approved definition; see caveats.,system:meridian:dept-app-36,person:meridian:aiden-walsh,person:meridian:karen-mercer,Weekly,71.1%,FY2026 Q3-to-date,Worsening,86.4%,0.9,lagging,operational,Provider-plan data sharing constraints may affect timeliness.,measured,shared
kpi:meridian:102,Risk-adjusted mortality 102,Risk-adjusted mortality 102 measured for Meridian provider operations with healthcare-specific caveats.,Numerator / denominator per owner-approved definition; see caveats.,system:meridian:dept-app-37,person:meridian:elaine-morales,person:meridian:robert-chen,Monthly,112,FY2026 Q3-to-date,Improving,87.5%,0.9,leading,executive,Standard operational caveat.,under_revision,provider
