compliance_id,regulation,regulator,category,scope,status,last_exam_date,next_exam_target,finding_count_open,finding_count_high,remediation_deadline,owner,notes
comp:fcfi:001,BSA/AML — Core Program,FinCEN / OCC,BSA/AML,Enterprise-wide,MRA Open,2025-11-14,2026-11-01,3,1,2026-12-31,person:fcfi:patricia-holbrook,"2 MRAs and 1 MRA with Commitment from November 2025 OCC exam; CDD program deficiency is primary; enhanced due diligence gaps; transaction monitoring model overdue for validation"
comp:fcfi:002,Bank Secrecy Act — CDD Rule (31 CFR 1020.220),FinCEN,BSA/AML,Commercial and retail customers,Deficient (MRA),2025-11-14,2026-11-01,2,1,2026-09-30,person:fcfi:patricia-holbrook,"74% CDD completion rate vs 100% required; remediation program tracking to 95% by Q4 2026; OCC monitoring quarterly progress"
comp:fcfi:003,BSA — SAR Program,FinCEN,BSA/AML,Transactions,Active — Enhanced,2025-11-14,2026-11-01,0,0,Ongoing,person:fcfi:patricia-holbrook,"68 SARs filed FY2025; 31% false-positive rate; Actimize transaction monitoring enhancement Q2 2026"
comp:fcfi:004,Bank Secrecy Act — CTR Program,FinCEN,BSA/AML,Cash transactions >$10K,Compliant,2025-11-14,2026-11-01,0,0,Ongoing,person:fcfi:patricia-holbrook,"1,840 CTRs filed FY2025; volume increase due to enhanced monitoring; no FinCEN findings"
comp:fcfi:005,OCC Examination — Safety and Soundness,OCC,Safety and Soundness,Enterprise-wide,Composite Rating 2,2025-11-14,2026-11-01,5,2,2026-12-31,person:fcfi:marcus-osei,"November 2025 exam: CAMELS composite 2; Management component rated 3; BSA/AML and loan review deficiencies cited; overall condition satisfactory with areas for improvement"
comp:fcfi:006,Sarbanes-Oxley — Internal Controls (Section 404),SEC,SOX,Financial reporting controls,Compliant,2026-02-28,2027-02-28,2,0,2026-12-31,person:fcfi:charlotte-reid,"Annual 404(b) audit by EY completed; 2 deficiencies noted (privileged access review and IT change management); neither material weakness; remediation in progress"
comp:fcfi:007,Dodd-Frank — Stress Testing (DFAST),OCC / Federal Reserve,Capital Adequacy,Enterprise capital,Compliant,2025-12,2026-12,0,0,Annual cycle,person:fcfi:marcus-osei,"DFAST 2025 severely adverse CET1 trough 9.4%; above 8.0% minimum; submitted on schedule"
comp:fcfi:008,Basel III Capital Requirements (U.S. implementation),OCC / Federal Reserve,Capital Adequacy,Capital structure,Compliant — Monitoring,Ongoing,Ongoing,0,0,Ongoing,person:fcfi:marcus-osei,"CET1 12.8%; well above 7.0% minimum; Basel III endgame rulemaking tracking; potential RWA increase 8-12% under proposed rules"
comp:fcfi:009,OCC Heightened Standards (12 CFR Part 30 App. D),OCC,Governance,Risk governance,In Progress,2025-11-14,2026-11-01,1,0,2026-06-30,person:fcfi:marcus-osei,"Appetite statement update required; Board risk committee charter revision in progress"
comp:fcfi:010,CFPB — UDAAP (Unfair Deceptive Abusive Acts),CFPB,Consumer Protection,Consumer products,Active monitoring,2024-06-01,2027 (cycle),0,0,Ongoing,person:fcfi:patricia-holbrook,"No open findings; 18 CFPB-forwarded complaints open (above 15 target); debit card fraud disputes primary driver"
comp:fcfi:011,Regulation E — Electronic Fund Transfers,CFPB / Federal Reserve,Consumer Protection,Consumer EFT,Active monitoring,2024-06-01,2027 (cycle),1,0,2026-09-30,person:fcfi:patricia-holbrook,"One finding on dispute resolution timeline documentation; investigation SLA process update Q3 2026"
comp:fcfi:012,Community Reinvestment Act (CRA),OCC,Community Reinvestment,Lending + services + investment,Satisfactory,2024-01-01,2027-2028 (cycle),0,0,Ongoing,person:fcfi:patricia-holbrook,"Satisfactory rating January 2024; Outstanding requires LMI lending improvement in Charlotte metro; $28M LMI loan target FY2026"
comp:fcfi:013,Fair Lending — ECOA / HMDA,OCC / CFPB,Fair Lending,Consumer + mortgage lending,Active monitoring,2024-06-01,2027 (cycle),0,0,Ongoing,person:fcfi:patricia-holbrook,"HMDA data submitted timely; statistical regression completed Q1 2026; no disparate impact findings; home equity penetration in LMI tracts monitored"
comp:fcfi:014,Gramm-Leach-Bliley Act — Privacy (Regulation P),CFPB / OCC,Privacy,Customer data,Compliant,2024-06-01,2027 (cycle),0,0,Ongoing,person:fcfi:elliot-greenberg,"Annual privacy notices distributed; opt-out procedures compliant; FDX open banking data sharing under review for GLBA alignment"
comp:fcfi:015,Volcker Rule (12 CFR Part 44),OCC / Federal Reserve,Proprietary Trading,Securities / investments,Compliant — Not Subject,Ongoing,Ongoing,0,0,Ongoing,person:fcfi:marcus-osei,"Does not engage in proprietary trading; investment portfolio limited to agency MBS + munis + Treasuries; annual attestation filed"
comp:fcfi:016,Flood Disaster Protection Act (FDPA),OCC,Collateral,Real estate secured lending,Compliant,2025-11-14,2026-11-01,0,0,Ongoing,person:fcfi:robert-landon,"No flood compliance deficiencies; forced-place insurance tracking at 99.1% of required placements; FEMA map updates monitored"
comp:fcfi:017,OCC Guidance on Credit Risk Concentrations (2006),OCC,Credit Risk,CRE concentration,Monitoring — Approaching Threshold,Ongoing,Ongoing,1,0,Ongoing,person:fcfi:marcus-osei,"CRE concentration 224% of capital; approaching OCC soft threshold 300%; management plan documented and submitted to OCC; growth cap in place"
comp:fcfi:018,Interest Rate Risk — OCC Bulletin 2010-1 + SR 12-7,OCC / Federal Reserve,Market Risk,Interest rate risk,Compliant — Monitoring,2025-11-14,2026-11-01,0,0,Ongoing,person:fcfi:marcus-osei,"EVE sensitivity −14.2% under −200bp; NII at risk −6.8%; both within limits; quarterly board reporting current"
comp:fcfi:019,Liquidity — LCR and NSFR (Enhanced Prudential Standards),OCC / Federal Reserve,Liquidity,Liquidity management,Compliant,Ongoing,Ongoing,0,0,Ongoing,person:fcfi:marcus-osei,"LCR 138%; NSFR 118%; both above 100% requirement; contingency funding plan tested Q3 2025"
comp:fcfi:020,OCC Model Risk Management (OCC 2011-12 / SR 11-7),OCC,Model Risk,Model risk governance,Partial Compliance,2025-11-14,2026-11-01,2,0,2026-09-30,person:fcfi:marcus-osei,"Model validation coverage 78%; 4 models overdue; BSA transaction monitoring model cited in OCC exam; CECL model validated 2025; ACL model update Q2 2026"
comp:fcfi:021,Electronic Payments — Real-Time Payments (FedNow),Federal Reserve / OCC,Payments,Payment infrastructure,In Evaluation,2026 (new),2026 (new),0,0,Decision Q3 2026,person:fcfi:karen-nakamura,"FedNow membership application under review; core banking dependency; decision tied to core modernization vendor selection"
comp:fcfi:022,Third-Party Risk Management (OCC 2013-29 / SR 13-19),OCC,Third-Party Risk,Vendor management,Compliant — Updating,2025-11-14,2026-11-01,1,0,2026-09-30,person:fcfi:karen-nakamura,"OCC cited substandard monitoring of critical vendors (FiServ, Actimize, digital banking provider); enhanced due diligence procedures in progress; annual reviews now quarterly for critical vendors"
comp:fcfi:023,Cybersecurity — FFIEC Cybersecurity Assessment Tool (CAT),FFIEC,Cybersecurity,IT security posture,Intermediate Maturity,2025 self-assessment,2026 self-assessment,2,1,2026-06-30,person:fcfi:karen-nakamura,"FFIEC CAT: Baseline + Evolving domains complete; Intermediate in 3 of 5; 2 findings: identity governance (privileged access) and SIEM coverage gaps; Q2 remediation on schedule"
comp:fcfi:024,GLBA Safeguards Rule (FTC / OCC — 2023 amendments),OCC / FTC,Data Security,Customer data security,In Progress,2024,2025-2026 updates,1,0,2026-06-30,person:fcfi:karen-nakamura,"GLBA Safeguards 2023 amendment requirements: multi-factor authentication deployment at 88% (target 100%); penetration test Q2 2026; incident response plan updated January 2026"
comp:fcfi:025,Regulation CC — Availability of Funds,Federal Reserve,Payments,Check holds,Compliant,2024-06-01,2027 (cycle),0,0,Ongoing,person:fcfi:robert-landon,"Check clearing policy current; exception holds within regulatory limits; Reg CC disclosure in deposit agreements current"
