tenant_key,dataset_version,contract_id,vendor_id,vendor_name,period_month,sku_or_service,entitled_quantity,active_quantity,utilization_rate,monthly_cost_usd,unused_or_underused_quantity,optimization_signal,source_system,source_system_examples,source_record_id,source_file_report,extraction_grain,refresh_frequency,review_status
meridian_health_global,v1-golden-evidence,CF-001,VND-001,Crestline Analytics Services LLC,2025-07,Northgate Insight premium support,18000,13066,0.726,104000,4934,underused_entitlement_review,usage / entitlement / consumption platforms,Northgate Insight admin export; Northgate Cloud Cost Management; vendor monthly operating report,USE-CF-001-2025-07-Power-BI-premium-support,CF-001_usage_entitlement_monthly.csv,"one row per month per subscription, capacity or service entitlement",Monthly controlled extract; refresh before each optimization gate,synthetic_demo_reviewed
meridian_health_global,v1-golden-evidence,CF-001,VND-001,Crestline Analytics Services LLC,2025-07,Data engineering change bank,14400,10105,0.702,92000,4295,underused_entitlement_review,usage / entitlement / consumption platforms,Northgate Insight admin export; Northgate Cloud Cost Management; vendor monthly operating report,USE-CF-001-2025-07-Data-engineering-change-bank,CF-001_usage_entitlement_monthly.csv,"one row per month per subscription, capacity or service entitlement",Monthly controlled extract; refresh before each optimization gate,synthetic_demo_reviewed
meridian_health_global,v1-golden-evidence,CF-001,VND-001,Crestline Analytics Services LLC,2025-07,Clinical data-product support,22,17,0.773,132000,5,underused_entitlement_review,usage / entitlement / consumption platforms,Northgate Insight admin export; Northgate Cloud Cost Management; vendor monthly operating report,USE-CF-001-2025-07-Clinical-data-product-support,CF-001_usage_entitlement_monthly.csv,"one row per month per subscription, capacity or service entitlement",Monthly controlled extract; refresh before each optimization gate,synthetic_demo_reviewed
meridian_health_global,v1-golden-evidence,CF-001,VND-001,Crestline Analytics Services LLC,2025-08,Northgate Insight premium support,18000,13233,0.735,104000,4767,underused_entitlement_review,usage / entitlement / consumption platforms,Northgate Insight admin export; Northgate Cloud Cost Management; vendor monthly operating report,USE-CF-001-2025-08-Power-BI-premium-support,CF-001_usage_entitlement_monthly.csv,"one row per month per subscription, capacity or service entitlement",Monthly controlled extract; refresh before each optimization gate,synthetic_demo_reviewed
meridian_health_global,v1-golden-evidence,CF-001,VND-001,Crestline Analytics Services LLC,2025-08,Data engineering change bank,14400,10234,0.711,92000,4166,underused_entitlement_review,usage / entitlement / consumption platforms,Northgate Insight admin export; Northgate Cloud Cost Management; vendor monthly operating report,USE-CF-001-2025-08-Data-engineering-change-bank,CF-001_usage_entitlement_monthly.csv,"one row per month per subscription, capacity or service entitlement",Monthly controlled extract; refresh before each optimization gate,synthetic_demo_reviewed
meridian_health_global,v1-golden-evidence,CF-001,VND-001,Crestline Analytics Services LLC,2025-08,Clinical data-product support,22,17,0.773,132000,5,underused_entitlement_review,usage / entitlement / consumption platforms,Northgate Insight admin export; Northgate Cloud Cost Management; vendor monthly operating report,USE-CF-001-2025-08-Clinical-data-product-support,CF-001_usage_entitlement_monthly.csv,"one row per month per subscription, capacity or service entitlement",Monthly controlled extract; refresh before each optimization gate,synthetic_demo_reviewed
meridian_health_global,v1-golden-evidence,CF-001,VND-001,Crestline Analytics Services LLC,2025-09,Northgate Insight premium support,18000,13400,0.744,104000,4600,underused_entitlement_review,usage / entitlement / consumption platforms,Northgate Insight admin export; Northgate Cloud Cost Management; vendor monthly operating report,USE-CF-001-2025-09-Power-BI-premium-support,CF-001_usage_entitlement_monthly.csv,"one row per month per subscription, capacity or service entitlement",Monthly controlled extract; refresh before each optimization gate,synthetic_demo_reviewed
meridian_health_global,v1-golden-evidence,CF-001,VND-001,Crestline Analytics Services LLC,2025-09,Data engineering change bank,14400,10363,0.720,92000,4037,underused_entitlement_review,usage / entitlement / consumption platforms,Northgate Insight admin export; Northgate Cloud Cost Management; vendor monthly operating report,USE-CF-001-2025-09-Data-engineering-change-bank,CF-001_usage_entitlement_monthly.csv,"one row per month per subscription, capacity or service entitlement",Monthly controlled extract; refresh before each optimization gate,synthetic_demo_reviewed
meridian_health_global,v1-golden-evidence,CF-001,VND-001,Crestline Analytics Services LLC,2025-09,Clinical data-product support,22,17,0.773,132000,5,underused_entitlement_review,usage / entitlement / consumption platforms,Northgate Insight admin export; Northgate Cloud Cost Management; vendor monthly operating report,USE-CF-001-2025-09-Clinical-data-product-support,CF-001_usage_entitlement_monthly.csv,"one row per month per subscription, capacity or service entitlement",Monthly controlled extract; refresh before each optimization gate,synthetic_demo_reviewed
meridian_health_global,v1-golden-evidence,CF-001,VND-001,Crestline Analytics Services LLC,2025-10,Northgate Insight premium support,18000,13566,0.754,104000,4434,underused_entitlement_review,usage / entitlement / consumption platforms,Northgate Insight admin export; Northgate Cloud Cost Management; vendor monthly operating report,USE-CF-001-2025-10-Power-BI-premium-support,CF-001_usage_entitlement_monthly.csv,"one row per month per subscription, capacity or service entitlement",Monthly controlled extract; refresh before each optimization gate,synthetic_demo_reviewed
meridian_health_global,v1-golden-evidence,CF-001,VND-001,Crestline Analytics Services LLC,2025-10,Data engineering change bank,14400,10492,0.729,92000,3908,underused_entitlement_review,usage / entitlement / consumption platforms,Northgate Insight admin export; Northgate Cloud Cost Management; vendor monthly operating report,USE-CF-001-2025-10-Data-engineering-change-bank,CF-001_usage_entitlement_monthly.csv,"one row per month per subscription, capacity or service entitlement",Monthly controlled extract; refresh before each optimization gate,synthetic_demo_reviewed
meridian_health_global,v1-golden-evidence,CF-001,VND-001,Crestline Analytics Services LLC,2025-10,Clinical data-product support,22,18,0.818,132000,4,within_expected_band,usage / entitlement / consumption platforms,Northgate Insight admin export; Northgate Cloud Cost Management; vendor monthly operating report,USE-CF-001-2025-10-Clinical-data-product-support,CF-001_usage_entitlement_monthly.csv,"one row per month per subscription, capacity or service entitlement",Monthly controlled extract; refresh before each optimization gate,synthetic_demo_reviewed
meridian_health_global,v1-golden-evidence,CF-001,VND-001,Crestline Analytics Services LLC,2025-11,Northgate Insight premium support,18000,13733,0.763,104000,4267,underused_entitlement_review,usage / entitlement / consumption platforms,Northgate Insight admin export; Northgate Cloud Cost Management; vendor monthly operating report,USE-CF-001-2025-11-Power-BI-premium-support,CF-001_usage_entitlement_monthly.csv,"one row per month per subscription, capacity or service entitlement",Monthly controlled extract; refresh before each optimization gate,synthetic_demo_reviewed
meridian_health_global,v1-golden-evidence,CF-001,VND-001,Crestline Analytics Services LLC,2025-11,Data engineering change bank,14400,10621,0.738,92000,3779,underused_entitlement_review,usage / entitlement / consumption platforms,Northgate Insight admin export; Northgate Cloud Cost Management; vendor monthly operating report,USE-CF-001-2025-11-Data-engineering-change-bank,CF-001_usage_entitlement_monthly.csv,"one row per month per subscription, capacity or service entitlement",Monthly controlled extract; refresh before each optimization gate,synthetic_demo_reviewed
meridian_health_global,v1-golden-evidence,CF-001,VND-001,Crestline Analytics Services LLC,2025-11,Clinical data-product support,22,18,0.818,132000,4,within_expected_band,usage / entitlement / consumption platforms,Northgate Insight admin export; Northgate Cloud Cost Management; vendor monthly operating report,USE-CF-001-2025-11-Clinical-data-product-support,CF-001_usage_entitlement_monthly.csv,"one row per month per subscription, capacity or service entitlement",Monthly controlled extract; refresh before each optimization gate,synthetic_demo_reviewed
meridian_health_global,v1-golden-evidence,CF-001,VND-001,Crestline Analytics Services LLC,2025-12,Northgate Insight premium support,18000,13066,0.726,104000,4934,underused_entitlement_review,usage / entitlement / consumption platforms,Northgate Insight admin export; Northgate Cloud Cost Management; vendor monthly operating report,USE-CF-001-2025-12-Power-BI-premium-support,CF-001_usage_entitlement_monthly.csv,"one row per month per subscription, capacity or service entitlement",Monthly controlled extract; refresh before each optimization gate,synthetic_demo_reviewed
meridian_health_global,v1-golden-evidence,CF-001,VND-001,Crestline Analytics Services LLC,2025-12,Data engineering change bank,14400,10105,0.702,92000,4295,underused_entitlement_review,usage / entitlement / consumption platforms,Northgate Insight admin export; Northgate Cloud Cost Management; vendor monthly operating report,USE-CF-001-2025-12-Data-engineering-change-bank,CF-001_usage_entitlement_monthly.csv,"one row per month per subscription, capacity or service entitlement",Monthly controlled extract; refresh before each optimization gate,synthetic_demo_reviewed
meridian_health_global,v1-golden-evidence,CF-001,VND-001,Crestline Analytics Services LLC,2025-12,Clinical data-product support,22,17,0.773,132000,5,underused_entitlement_review,usage / entitlement / consumption platforms,Northgate Insight admin export; Northgate Cloud Cost Management; vendor monthly operating report,USE-CF-001-2025-12-Clinical-data-product-support,CF-001_usage_entitlement_monthly.csv,"one row per month per subscription, capacity or service entitlement",Monthly controlled extract; refresh before each optimization gate,synthetic_demo_reviewed
meridian_health_global,v1-golden-evidence,CF-001,VND-001,Crestline Analytics Services LLC,2026-01,Northgate Insight premium support,18000,13233,0.735,104000,4767,underused_entitlement_review,usage / entitlement / consumption platforms,Northgate Insight admin export; Northgate Cloud Cost Management; vendor monthly operating report,USE-CF-001-2026-01-Power-BI-premium-support,CF-001_usage_entitlement_monthly.csv,"one row per month per subscription, capacity or service entitlement",Monthly controlled extract; refresh before each optimization gate,synthetic_demo_reviewed
meridian_health_global,v1-golden-evidence,CF-001,VND-001,Crestline Analytics Services LLC,2026-01,Data engineering change bank,14400,10234,0.711,92000,4166,underused_entitlement_review,usage / entitlement / consumption platforms,Northgate Insight admin export; Northgate Cloud Cost Management; vendor monthly operating report,USE-CF-001-2026-01-Data-engineering-change-bank,CF-001_usage_entitlement_monthly.csv,"one row per month per subscription, capacity or service entitlement",Monthly controlled extract; refresh before each optimization gate,synthetic_demo_reviewed
meridian_health_global,v1-golden-evidence,CF-001,VND-001,Crestline Analytics Services LLC,2026-01,Clinical data-product support,22,17,0.773,132000,5,underused_entitlement_review,usage / entitlement / consumption platforms,Northgate Insight admin export; Northgate Cloud Cost Management; vendor monthly operating report,USE-CF-001-2026-01-Clinical-data-product-support,CF-001_usage_entitlement_monthly.csv,"one row per month per subscription, capacity or service entitlement",Monthly controlled extract; refresh before each optimization gate,synthetic_demo_reviewed
meridian_health_global,v1-golden-evidence,CF-001,VND-001,Crestline Analytics Services LLC,2026-02,Northgate Insight premium support,18000,13400,0.744,104000,4600,underused_entitlement_review,usage / entitlement / consumption platforms,Northgate Insight admin export; Northgate Cloud Cost Management; vendor monthly operating report,USE-CF-001-2026-02-Power-BI-premium-support,CF-001_usage_entitlement_monthly.csv,"one row per month per subscription, capacity or service entitlement",Monthly controlled extract; refresh before each optimization gate,synthetic_demo_reviewed
meridian_health_global,v1-golden-evidence,CF-001,VND-001,Crestline Analytics Services LLC,2026-02,Data engineering change bank,14400,10363,0.720,92000,4037,underused_entitlement_review,usage / entitlement / consumption platforms,Northgate Insight admin export; Northgate Cloud Cost Management; vendor monthly operating report,USE-CF-001-2026-02-Data-engineering-change-bank,CF-001_usage_entitlement_monthly.csv,"one row per month per subscription, capacity or service entitlement",Monthly controlled extract; refresh before each optimization gate,synthetic_demo_reviewed
meridian_health_global,v1-golden-evidence,CF-001,VND-001,Crestline Analytics Services LLC,2026-02,Clinical data-product support,22,17,0.773,132000,5,underused_entitlement_review,usage / entitlement / consumption platforms,Northgate Insight admin export; Northgate Cloud Cost Management; vendor monthly operating report,USE-CF-001-2026-02-Clinical-data-product-support,CF-001_usage_entitlement_monthly.csv,"one row per month per subscription, capacity or service entitlement",Monthly controlled extract; refresh before each optimization gate,synthetic_demo_reviewed
meridian_health_global,v1-golden-evidence,CF-001,VND-001,Crestline Analytics Services LLC,2026-03,Northgate Insight premium support,18000,13566,0.754,104000,4434,underused_entitlement_review,usage / entitlement / consumption platforms,Northgate Insight admin export; Northgate Cloud Cost Management; vendor monthly operating report,USE-CF-001-2026-03-Power-BI-premium-support,CF-001_usage_entitlement_monthly.csv,"one row per month per subscription, capacity or service entitlement",Monthly controlled extract; refresh before each optimization gate,synthetic_demo_reviewed
meridian_health_global,v1-golden-evidence,CF-001,VND-001,Crestline Analytics Services LLC,2026-03,Data engineering change bank,14400,10492,0.729,92000,3908,underused_entitlement_review,usage / entitlement / consumption platforms,Northgate Insight admin export; Northgate Cloud Cost Management; vendor monthly operating report,USE-CF-001-2026-03-Data-engineering-change-bank,CF-001_usage_entitlement_monthly.csv,"one row per month per subscription, capacity or service entitlement",Monthly controlled extract; refresh before each optimization gate,synthetic_demo_reviewed
meridian_health_global,v1-golden-evidence,CF-001,VND-001,Crestline Analytics Services LLC,2026-03,Clinical data-product support,22,18,0.818,132000,4,within_expected_band,usage / entitlement / consumption platforms,Northgate Insight admin export; Northgate Cloud Cost Management; vendor monthly operating report,USE-CF-001-2026-03-Clinical-data-product-support,CF-001_usage_entitlement_monthly.csv,"one row per month per subscription, capacity or service entitlement",Monthly controlled extract; refresh before each optimization gate,synthetic_demo_reviewed
meridian_health_global,v1-golden-evidence,CF-001,VND-001,Crestline Analytics Services LLC,2026-04,Northgate Insight premium support,18000,13733,0.763,104000,4267,underused_entitlement_review,usage / entitlement / consumption platforms,Northgate Insight admin export; Northgate Cloud Cost Management; vendor monthly operating report,USE-CF-001-2026-04-Power-BI-premium-support,CF-001_usage_entitlement_monthly.csv,"one row per month per subscription, capacity or service entitlement",Monthly controlled extract; refresh before each optimization gate,synthetic_demo_reviewed
meridian_health_global,v1-golden-evidence,CF-001,VND-001,Crestline Analytics Services LLC,2026-04,Data engineering change bank,14400,10621,0.738,92000,3779,underused_entitlement_review,usage / entitlement / consumption platforms,Northgate Insight admin export; Northgate Cloud Cost Management; vendor monthly operating report,USE-CF-001-2026-04-Data-engineering-change-bank,CF-001_usage_entitlement_monthly.csv,"one row per month per subscription, capacity or service entitlement",Monthly controlled extract; refresh before each optimization gate,synthetic_demo_reviewed
meridian_health_global,v1-golden-evidence,CF-001,VND-001,Crestline Analytics Services LLC,2026-04,Clinical data-product support,22,18,0.818,132000,4,within_expected_band,usage / entitlement / consumption platforms,Northgate Insight admin export; Northgate Cloud Cost Management; vendor monthly operating report,USE-CF-001-2026-04-Clinical-data-product-support,CF-001_usage_entitlement_monthly.csv,"one row per month per subscription, capacity or service entitlement",Monthly controlled extract; refresh before each optimization gate,synthetic_demo_reviewed
meridian_health_global,v1-golden-evidence,CF-001,VND-001,Crestline Analytics Services LLC,2026-05,Northgate Insight premium support,18000,13066,0.726,104000,4934,underused_entitlement_review,usage / entitlement / consumption platforms,Northgate Insight admin export; Northgate Cloud Cost Management; vendor monthly operating report,USE-CF-001-2026-05-Power-BI-premium-support,CF-001_usage_entitlement_monthly.csv,"one row per month per subscription, capacity or service entitlement",Monthly controlled extract; refresh before each optimization gate,synthetic_demo_reviewed
meridian_health_global,v1-golden-evidence,CF-001,VND-001,Crestline Analytics Services LLC,2026-05,Data engineering change bank,14400,10105,0.702,92000,4295,underused_entitlement_review,usage / entitlement / consumption platforms,Northgate Insight admin export; Northgate Cloud Cost Management; vendor monthly operating report,USE-CF-001-2026-05-Data-engineering-change-bank,CF-001_usage_entitlement_monthly.csv,"one row per month per subscription, capacity or service entitlement",Monthly controlled extract; refresh before each optimization gate,synthetic_demo_reviewed
meridian_health_global,v1-golden-evidence,CF-001,VND-001,Crestline Analytics Services LLC,2026-05,Clinical data-product support,22,17,0.773,132000,5,underused_entitlement_review,usage / entitlement / consumption platforms,Northgate Insight admin export; Northgate Cloud Cost Management; vendor monthly operating report,USE-CF-001-2026-05-Clinical-data-product-support,CF-001_usage_entitlement_monthly.csv,"one row per month per subscription, capacity or service entitlement",Monthly controlled extract; refresh before each optimization gate,synthetic_demo_reviewed
meridian_health_global,v1-golden-evidence,CF-001,VND-001,Crestline Analytics Services LLC,2026-06,Northgate Insight premium support,18000,13233,0.735,104000,4767,underused_entitlement_review,usage / entitlement / consumption platforms,Northgate Insight admin export; Northgate Cloud Cost Management; vendor monthly operating report,USE-CF-001-2026-06-Power-BI-premium-support,CF-001_usage_entitlement_monthly.csv,"one row per month per subscription, capacity or service entitlement",Monthly controlled extract; refresh before each optimization gate,synthetic_demo_reviewed
meridian_health_global,v1-golden-evidence,CF-001,VND-001,Crestline Analytics Services LLC,2026-06,Data engineering change bank,14400,10234,0.711,92000,4166,underused_entitlement_review,usage / entitlement / consumption platforms,Northgate Insight admin export; Northgate Cloud Cost Management; vendor monthly operating report,USE-CF-001-2026-06-Data-engineering-change-bank,CF-001_usage_entitlement_monthly.csv,"one row per month per subscription, capacity or service entitlement",Monthly controlled extract; refresh before each optimization gate,synthetic_demo_reviewed
meridian_health_global,v1-golden-evidence,CF-001,VND-001,Crestline Analytics Services LLC,2026-06,Clinical data-product support,22,17,0.773,132000,5,underused_entitlement_review,usage / entitlement / consumption platforms,Northgate Insight admin export; Northgate Cloud Cost Management; vendor monthly operating report,USE-CF-001-2026-06-Clinical-data-product-support,CF-001_usage_entitlement_monthly.csv,"one row per month per subscription, capacity or service entitlement",Monthly controlled extract; refresh before each optimization gate,synthetic_demo_reviewed
meridian_health_global,v1-golden-evidence,CF-001,VND-001,Crestline Analytics Services LLC,2026-07,Northgate Insight premium support,18000,13400,0.744,104000,4600,underused_entitlement_review,usage / entitlement / consumption platforms,Northgate Insight admin export; Northgate Cloud Cost Management; vendor monthly operating report,USE-CF-001-2026-07-Power-BI-premium-support,CF-001_usage_entitlement_monthly.csv,"one row per month per subscription, capacity or service entitlement",Monthly controlled extract; refresh before each optimization gate,synthetic_demo_reviewed
meridian_health_global,v1-golden-evidence,CF-001,VND-001,Crestline Analytics Services LLC,2026-07,Data engineering change bank,14400,10363,0.720,92000,4037,underused_entitlement_review,usage / entitlement / consumption platforms,Northgate Insight admin export; Northgate Cloud Cost Management; vendor monthly operating report,USE-CF-001-2026-07-Data-engineering-change-bank,CF-001_usage_entitlement_monthly.csv,"one row per month per subscription, capacity or service entitlement",Monthly controlled extract; refresh before each optimization gate,synthetic_demo_reviewed
meridian_health_global,v1-golden-evidence,CF-001,VND-001,Crestline Analytics Services LLC,2026-07,Clinical data-product support,22,17,0.773,132000,5,underused_entitlement_review,usage / entitlement / consumption platforms,Northgate Insight admin export; Northgate Cloud Cost Management; vendor monthly operating report,USE-CF-001-2026-07-Clinical-data-product-support,CF-001_usage_entitlement_monthly.csv,"one row per month per subscription, capacity or service entitlement",Monthly controlled extract; refresh before each optimization gate,synthetic_demo_reviewed
meridian_health_global,v1-golden-evidence,CF-001,VND-001,Crestline Analytics Services LLC,2026-08,Northgate Insight premium support,18000,13566,0.754,104000,4434,underused_entitlement_review,usage / entitlement / consumption platforms,Northgate Insight admin export; Northgate Cloud Cost Management; vendor monthly operating report,USE-CF-001-2026-08-Power-BI-premium-support,CF-001_usage_entitlement_monthly.csv,"one row per month per subscription, capacity or service entitlement",Monthly controlled extract; refresh before each optimization gate,synthetic_demo_reviewed
meridian_health_global,v1-golden-evidence,CF-001,VND-001,Crestline Analytics Services LLC,2026-08,Data engineering change bank,14400,10492,0.729,92000,3908,underused_entitlement_review,usage / entitlement / consumption platforms,Northgate Insight admin export; Northgate Cloud Cost Management; vendor monthly operating report,USE-CF-001-2026-08-Data-engineering-change-bank,CF-001_usage_entitlement_monthly.csv,"one row per month per subscription, capacity or service entitlement",Monthly controlled extract; refresh before each optimization gate,synthetic_demo_reviewed
meridian_health_global,v1-golden-evidence,CF-001,VND-001,Crestline Analytics Services LLC,2026-08,Clinical data-product support,22,18,0.818,132000,4,within_expected_band,usage / entitlement / consumption platforms,Northgate Insight admin export; Northgate Cloud Cost Management; vendor monthly operating report,USE-CF-001-2026-08-Clinical-data-product-support,CF-001_usage_entitlement_monthly.csv,"one row per month per subscription, capacity or service entitlement",Monthly controlled extract; refresh before each optimization gate,synthetic_demo_reviewed
meridian_health_global,v1-golden-evidence,CF-001,VND-001,Crestline Analytics Services LLC,2026-09,Northgate Insight premium support,18000,13733,0.763,104000,4267,underused_entitlement_review,usage / entitlement / consumption platforms,Northgate Insight admin export; Northgate Cloud Cost Management; vendor monthly operating report,USE-CF-001-2026-09-Power-BI-premium-support,CF-001_usage_entitlement_monthly.csv,"one row per month per subscription, capacity or service entitlement",Monthly controlled extract; refresh before each optimization gate,synthetic_demo_reviewed
meridian_health_global,v1-golden-evidence,CF-001,VND-001,Crestline Analytics Services LLC,2026-09,Data engineering change bank,14400,10621,0.738,92000,3779,underused_entitlement_review,usage / entitlement / consumption platforms,Northgate Insight admin export; Northgate Cloud Cost Management; vendor monthly operating report,USE-CF-001-2026-09-Data-engineering-change-bank,CF-001_usage_entitlement_monthly.csv,"one row per month per subscription, capacity or service entitlement",Monthly controlled extract; refresh before each optimization gate,synthetic_demo_reviewed
meridian_health_global,v1-golden-evidence,CF-001,VND-001,Crestline Analytics Services LLC,2026-09,Clinical data-product support,22,18,0.818,132000,4,within_expected_band,usage / entitlement / consumption platforms,Northgate Insight admin export; Northgate Cloud Cost Management; vendor monthly operating report,USE-CF-001-2026-09-Clinical-data-product-support,CF-001_usage_entitlement_monthly.csv,"one row per month per subscription, capacity or service entitlement",Monthly controlled extract; refresh before each optimization gate,synthetic_demo_reviewed
meridian_health_global,v1-golden-evidence,CF-001,VND-001,Crestline Analytics Services LLC,2026-10,Northgate Insight premium support,18000,13066,0.726,104000,4934,underused_entitlement_review,usage / entitlement / consumption platforms,Northgate Insight admin export; Northgate Cloud Cost Management; vendor monthly operating report,USE-CF-001-2026-10-Power-BI-premium-support,CF-001_usage_entitlement_monthly.csv,"one row per month per subscription, capacity or service entitlement",Monthly controlled extract; refresh before each optimization gate,synthetic_demo_reviewed
meridian_health_global,v1-golden-evidence,CF-001,VND-001,Crestline Analytics Services LLC,2026-10,Data engineering change bank,14400,10105,0.702,92000,4295,underused_entitlement_review,usage / entitlement / consumption platforms,Northgate Insight admin export; Northgate Cloud Cost Management; vendor monthly operating report,USE-CF-001-2026-10-Data-engineering-change-bank,CF-001_usage_entitlement_monthly.csv,"one row per month per subscription, capacity or service entitlement",Monthly controlled extract; refresh before each optimization gate,synthetic_demo_reviewed
meridian_health_global,v1-golden-evidence,CF-001,VND-001,Crestline Analytics Services LLC,2026-10,Clinical data-product support,22,17,0.773,132000,5,underused_entitlement_review,usage / entitlement / consumption platforms,Northgate Insight admin export; Northgate Cloud Cost Management; vendor monthly operating report,USE-CF-001-2026-10-Clinical-data-product-support,CF-001_usage_entitlement_monthly.csv,"one row per month per subscription, capacity or service entitlement",Monthly controlled extract; refresh before each optimization gate,synthetic_demo_reviewed
meridian_health_global,v1-golden-evidence,CF-001,VND-001,Crestline Analytics Services LLC,2026-11,Northgate Insight premium support,18000,13233,0.735,104000,4767,underused_entitlement_review,usage / entitlement / consumption platforms,Northgate Insight admin export; Northgate Cloud Cost Management; vendor monthly operating report,USE-CF-001-2026-11-Power-BI-premium-support,CF-001_usage_entitlement_monthly.csv,"one row per month per subscription, capacity or service entitlement",Monthly controlled extract; refresh before each optimization gate,synthetic_demo_reviewed
meridian_health_global,v1-golden-evidence,CF-001,VND-001,Crestline Analytics Services LLC,2026-11,Data engineering change bank,14400,10234,0.711,92000,4166,underused_entitlement_review,usage / entitlement / consumption platforms,Northgate Insight admin export; Northgate Cloud Cost Management; vendor monthly operating report,USE-CF-001-2026-11-Data-engineering-change-bank,CF-001_usage_entitlement_monthly.csv,"one row per month per subscription, capacity or service entitlement",Monthly controlled extract; refresh before each optimization gate,synthetic_demo_reviewed
meridian_health_global,v1-golden-evidence,CF-001,VND-001,Crestline Analytics Services LLC,2026-11,Clinical data-product support,22,17,0.773,132000,5,underused_entitlement_review,usage / entitlement / consumption platforms,Northgate Insight admin export; Northgate Cloud Cost Management; vendor monthly operating report,USE-CF-001-2026-11-Clinical-data-product-support,CF-001_usage_entitlement_monthly.csv,"one row per month per subscription, capacity or service entitlement",Monthly controlled extract; refresh before each optimization gate,synthetic_demo_reviewed
meridian_health_global,v1-golden-evidence,CF-001,VND-001,Crestline Analytics Services LLC,2026-12,Northgate Insight premium support,18000,13400,0.744,104000,4600,underused_entitlement_review,usage / entitlement / consumption platforms,Northgate Insight admin export; Northgate Cloud Cost Management; vendor monthly operating report,USE-CF-001-2026-12-Power-BI-premium-support,CF-001_usage_entitlement_monthly.csv,"one row per month per subscription, capacity or service entitlement",Monthly controlled extract; refresh before each optimization gate,synthetic_demo_reviewed
meridian_health_global,v1-golden-evidence,CF-001,VND-001,Crestline Analytics Services LLC,2026-12,Data engineering change bank,14400,10363,0.720,92000,4037,underused_entitlement_review,usage / entitlement / consumption platforms,Northgate Insight admin export; Northgate Cloud Cost Management; vendor monthly operating report,USE-CF-001-2026-12-Data-engineering-change-bank,CF-001_usage_entitlement_monthly.csv,"one row per month per subscription, capacity or service entitlement",Monthly controlled extract; refresh before each optimization gate,synthetic_demo_reviewed
meridian_health_global,v1-golden-evidence,CF-001,VND-001,Crestline Analytics Services LLC,2026-12,Clinical data-product support,22,17,0.773,132000,5,underused_entitlement_review,usage / entitlement / consumption platforms,Northgate Insight admin export; Northgate Cloud Cost Management; vendor monthly operating report,USE-CF-001-2026-12-Clinical-data-product-support,CF-001_usage_entitlement_monthly.csv,"one row per month per subscription, capacity or service entitlement",Monthly controlled extract; refresh before each optimization gate,synthetic_demo_reviewed
meridian_health_global,v1-golden-evidence,CF-001,VND-001,Crestline Analytics Services LLC,2027-01,Northgate Insight premium support,18000,13566,0.754,104000,4434,underused_entitlement_review,usage / entitlement / consumption platforms,Northgate Insight admin export; Northgate Cloud Cost Management; vendor monthly operating report,USE-CF-001-2027-01-Power-BI-premium-support,CF-001_usage_entitlement_monthly.csv,"one row per month per subscription, capacity or service entitlement",Monthly controlled extract; refresh before each optimization gate,synthetic_demo_reviewed
meridian_health_global,v1-golden-evidence,CF-001,VND-001,Crestline Analytics Services LLC,2027-01,Data engineering change bank,14400,10492,0.729,92000,3908,underused_entitlement_review,usage / entitlement / consumption platforms,Northgate Insight admin export; Northgate Cloud Cost Management; vendor monthly operating report,USE-CF-001-2027-01-Data-engineering-change-bank,CF-001_usage_entitlement_monthly.csv,"one row per month per subscription, capacity or service entitlement",Monthly controlled extract; refresh before each optimization gate,synthetic_demo_reviewed
meridian_health_global,v1-golden-evidence,CF-001,VND-001,Crestline Analytics Services LLC,2027-01,Clinical data-product support,22,18,0.818,132000,4,within_expected_band,usage / entitlement / consumption platforms,Northgate Insight admin export; Northgate Cloud Cost Management; vendor monthly operating report,USE-CF-001-2027-01-Clinical-data-product-support,CF-001_usage_entitlement_monthly.csv,"one row per month per subscription, capacity or service entitlement",Monthly controlled extract; refresh before each optimization gate,synthetic_demo_reviewed
meridian_health_global,v1-golden-evidence,CF-001,VND-001,Crestline Analytics Services LLC,2027-02,Northgate Insight premium support,18000,13733,0.763,104000,4267,underused_entitlement_review,usage / entitlement / consumption platforms,Northgate Insight admin export; Northgate Cloud Cost Management; vendor monthly operating report,USE-CF-001-2027-02-Power-BI-premium-support,CF-001_usage_entitlement_monthly.csv,"one row per month per subscription, capacity or service entitlement",Monthly controlled extract; refresh before each optimization gate,synthetic_demo_reviewed
meridian_health_global,v1-golden-evidence,CF-001,VND-001,Crestline Analytics Services LLC,2027-02,Data engineering change bank,14400,10621,0.738,92000,3779,underused_entitlement_review,usage / entitlement / consumption platforms,Northgate Insight admin export; Northgate Cloud Cost Management; vendor monthly operating report,USE-CF-001-2027-02-Data-engineering-change-bank,CF-001_usage_entitlement_monthly.csv,"one row per month per subscription, capacity or service entitlement",Monthly controlled extract; refresh before each optimization gate,synthetic_demo_reviewed
meridian_health_global,v1-golden-evidence,CF-001,VND-001,Crestline Analytics Services LLC,2027-02,Clinical data-product support,22,18,0.818,132000,4,within_expected_band,usage / entitlement / consumption platforms,Northgate Insight admin export; Northgate Cloud Cost Management; vendor monthly operating report,USE-CF-001-2027-02-Clinical-data-product-support,CF-001_usage_entitlement_monthly.csv,"one row per month per subscription, capacity or service entitlement",Monthly controlled extract; refresh before each optimization gate,synthetic_demo_reviewed
meridian_health_global,v1-golden-evidence,CF-001,VND-001,Crestline Analytics Services LLC,2027-03,Northgate Insight premium support,18000,13066,0.726,104000,4934,underused_entitlement_review,usage / entitlement / consumption platforms,Northgate Insight admin export; Northgate Cloud Cost Management; vendor monthly operating report,USE-CF-001-2027-03-Power-BI-premium-support,CF-001_usage_entitlement_monthly.csv,"one row per month per subscription, capacity or service entitlement",Monthly controlled extract; refresh before each optimization gate,synthetic_demo_reviewed
meridian_health_global,v1-golden-evidence,CF-001,VND-001,Crestline Analytics Services LLC,2027-03,Data engineering change bank,14400,10105,0.702,92000,4295,underused_entitlement_review,usage / entitlement / consumption platforms,Northgate Insight admin export; Northgate Cloud Cost Management; vendor monthly operating report,USE-CF-001-2027-03-Data-engineering-change-bank,CF-001_usage_entitlement_monthly.csv,"one row per month per subscription, capacity or service entitlement",Monthly controlled extract; refresh before each optimization gate,synthetic_demo_reviewed
meridian_health_global,v1-golden-evidence,CF-001,VND-001,Crestline Analytics Services LLC,2027-03,Clinical data-product support,22,17,0.773,132000,5,underused_entitlement_review,usage / entitlement / consumption platforms,Northgate Insight admin export; Northgate Cloud Cost Management; vendor monthly operating report,USE-CF-001-2027-03-Clinical-data-product-support,CF-001_usage_entitlement_monthly.csv,"one row per month per subscription, capacity or service entitlement",Monthly controlled extract; refresh before each optimization gate,synthetic_demo_reviewed
meridian_health_global,v1-golden-evidence,CF-001,VND-001,Crestline Analytics Services LLC,2027-04,Northgate Insight premium support,18000,13233,0.735,104000,4767,underused_entitlement_review,usage / entitlement / consumption platforms,Northgate Insight admin export; Northgate Cloud Cost Management; vendor monthly operating report,USE-CF-001-2027-04-Power-BI-premium-support,CF-001_usage_entitlement_monthly.csv,"one row per month per subscription, capacity or service entitlement",Monthly controlled extract; refresh before each optimization gate,synthetic_demo_reviewed
meridian_health_global,v1-golden-evidence,CF-001,VND-001,Crestline Analytics Services LLC,2027-04,Data engineering change bank,14400,10234,0.711,92000,4166,underused_entitlement_review,usage / entitlement / consumption platforms,Northgate Insight admin export; Northgate Cloud Cost Management; vendor monthly operating report,USE-CF-001-2027-04-Data-engineering-change-bank,CF-001_usage_entitlement_monthly.csv,"one row per month per subscription, capacity or service entitlement",Monthly controlled extract; refresh before each optimization gate,synthetic_demo_reviewed
meridian_health_global,v1-golden-evidence,CF-001,VND-001,Crestline Analytics Services LLC,2027-04,Clinical data-product support,22,17,0.773,132000,5,underused_entitlement_review,usage / entitlement / consumption platforms,Northgate Insight admin export; Northgate Cloud Cost Management; vendor monthly operating report,USE-CF-001-2027-04-Clinical-data-product-support,CF-001_usage_entitlement_monthly.csv,"one row per month per subscription, capacity or service entitlement",Monthly controlled extract; refresh before each optimization gate,synthetic_demo_reviewed
meridian_health_global,v1-golden-evidence,CF-001,VND-001,Crestline Analytics Services LLC,2027-05,Northgate Insight premium support,18000,13400,0.744,104000,4600,underused_entitlement_review,usage / entitlement / consumption platforms,Northgate Insight admin export; Northgate Cloud Cost Management; vendor monthly operating report,USE-CF-001-2027-05-Power-BI-premium-support,CF-001_usage_entitlement_monthly.csv,"one row per month per subscription, capacity or service entitlement",Monthly controlled extract; refresh before each optimization gate,synthetic_demo_reviewed
meridian_health_global,v1-golden-evidence,CF-001,VND-001,Crestline Analytics Services LLC,2027-05,Data engineering change bank,14400,10363,0.720,92000,4037,underused_entitlement_review,usage / entitlement / consumption platforms,Northgate Insight admin export; Northgate Cloud Cost Management; vendor monthly operating report,USE-CF-001-2027-05-Data-engineering-change-bank,CF-001_usage_entitlement_monthly.csv,"one row per month per subscription, capacity or service entitlement",Monthly controlled extract; refresh before each optimization gate,synthetic_demo_reviewed
meridian_health_global,v1-golden-evidence,CF-001,VND-001,Crestline Analytics Services LLC,2027-05,Clinical data-product support,22,17,0.773,132000,5,underused_entitlement_review,usage / entitlement / consumption platforms,Northgate Insight admin export; Northgate Cloud Cost Management; vendor monthly operating report,USE-CF-001-2027-05-Clinical-data-product-support,CF-001_usage_entitlement_monthly.csv,"one row per month per subscription, capacity or service entitlement",Monthly controlled extract; refresh before each optimization gate,synthetic_demo_reviewed
meridian_health_global,v1-golden-evidence,CF-001,VND-001,Crestline Analytics Services LLC,2027-06,Northgate Insight premium support,18000,13566,0.754,104000,4434,underused_entitlement_review,usage / entitlement / consumption platforms,Northgate Insight admin export; Northgate Cloud Cost Management; vendor monthly operating report,USE-CF-001-2027-06-Power-BI-premium-support,CF-001_usage_entitlement_monthly.csv,"one row per month per subscription, capacity or service entitlement",Monthly controlled extract; refresh before each optimization gate,synthetic_demo_reviewed
meridian_health_global,v1-golden-evidence,CF-001,VND-001,Crestline Analytics Services LLC,2027-06,Data engineering change bank,14400,10492,0.729,92000,3908,underused_entitlement_review,usage / entitlement / consumption platforms,Northgate Insight admin export; Northgate Cloud Cost Management; vendor monthly operating report,USE-CF-001-2027-06-Data-engineering-change-bank,CF-001_usage_entitlement_monthly.csv,"one row per month per subscription, capacity or service entitlement",Monthly controlled extract; refresh before each optimization gate,synthetic_demo_reviewed
meridian_health_global,v1-golden-evidence,CF-001,VND-001,Crestline Analytics Services LLC,2027-06,Clinical data-product support,22,18,0.818,132000,4,within_expected_band,usage / entitlement / consumption platforms,Northgate Insight admin export; Northgate Cloud Cost Management; vendor monthly operating report,USE-CF-001-2027-06-Clinical-data-product-support,CF-001_usage_entitlement_monthly.csv,"one row per month per subscription, capacity or service entitlement",Monthly controlled extract; refresh before each optimization gate,synthetic_demo_reviewed
meridian_health_global,v1-golden-evidence,CF-003,VND-003,Sterling Workforce Systems, Inc.,2025-07,Sterling Prism users,5200,3102,0.597,74000,2098,underused_entitlement_review,usage / entitlement / consumption platforms,Sterling tenant admin export; Prism usage export; vendor monthly service pack,USE-CF-003-2025-07-Prism-Analytics-users,CF-003_usage_entitlement_monthly.csv,"one row per month per subscription, capacity or service entitlement",Monthly controlled extract; refresh before each optimization gate,synthetic_demo_reviewed
meridian_health_global,v1-golden-evidence,CF-003,VND-003,Sterling Workforce Systems, Inc.,2025-07,Sterling Extend app entitlement,38,20,0.526,94000,18,underused_entitlement_review,usage / entitlement / consumption platforms,Sterling tenant admin export; Prism usage export; vendor monthly service pack,USE-CF-003-2025-07-Sterling-Extend-app-entitlement,CF-003_usage_entitlement_monthly.csv,"one row per month per subscription, capacity or service entitlement",Monthly controlled extract; refresh before each optimization gate,synthetic_demo_reviewed
meridian_health_global,v1-golden-evidence,CF-003,VND-003,Sterling Workforce Systems, Inc.,2025-07,Release advisory hours,9600,6392,0.666,61000,3208,underused_entitlement_review,usage / entitlement / consumption platforms,Sterling tenant admin export; Prism usage export; vendor monthly service pack,USE-CF-003-2025-07-Release-advisory-hours,CF-003_usage_entitlement_monthly.csv,"one row per month per subscription, capacity or service entitlement",Monthly controlled extract; refresh before each optimization gate,synthetic_demo_reviewed
meridian_health_global,v1-golden-evidence,CF-003,VND-003,Sterling Workforce Systems, Inc.,2025-08,Sterling Prism users,5200,3142,0.604,74000,2058,underused_entitlement_review,usage / entitlement / consumption platforms,Sterling tenant admin export; Prism usage export; vendor monthly service pack,USE-CF-003-2025-08-Prism-Analytics-users,CF-003_usage_entitlement_monthly.csv,"one row per month per subscription, capacity or service entitlement",Monthly controlled extract; refresh before each optimization gate,synthetic_demo_reviewed
meridian_health_global,v1-golden-evidence,CF-003,VND-003,Sterling Workforce Systems, Inc.,2025-08,Sterling Extend app entitlement,38,20,0.526,94000,18,underused_entitlement_review,usage / entitlement / consumption platforms,Sterling tenant admin export; Prism usage export; vendor monthly service pack,USE-CF-003-2025-08-Sterling-Extend-app-entitlement,CF-003_usage_entitlement_monthly.csv,"one row per month per subscription, capacity or service entitlement",Monthly controlled extract; refresh before each optimization gate,synthetic_demo_reviewed
meridian_health_global,v1-golden-evidence,CF-003,VND-003,Sterling Workforce Systems, Inc.,2025-08,Release advisory hours,9600,6474,0.674,61000,3126,underused_entitlement_review,usage / entitlement / consumption platforms,Sterling tenant admin export; Prism usage export; vendor monthly service pack,USE-CF-003-2025-08-Release-advisory-hours,CF-003_usage_entitlement_monthly.csv,"one row per month per subscription, capacity or service entitlement",Monthly controlled extract; refresh before each optimization gate,synthetic_demo_reviewed
meridian_health_global,v1-golden-evidence,CF-003,VND-003,Sterling Workforce Systems, Inc.,2025-09,Sterling Prism users,5200,3181,0.612,74000,2019,underused_entitlement_review,usage / entitlement / consumption platforms,Sterling tenant admin export; Prism usage export; vendor monthly service pack,USE-CF-003-2025-09-Prism-Analytics-users,CF-003_usage_entitlement_monthly.csv,"one row per month per subscription, capacity or service entitlement",Monthly controlled extract; refresh before each optimization gate,synthetic_demo_reviewed
meridian_health_global,v1-golden-evidence,CF-003,VND-003,Sterling Workforce Systems, Inc.,2025-09,Sterling Extend app entitlement,38,20,0.526,94000,18,underused_entitlement_review,usage / entitlement / consumption platforms,Sterling tenant admin export; Prism usage export; vendor monthly service pack,USE-CF-003-2025-09-Sterling-Extend-app-entitlement,CF-003_usage_entitlement_monthly.csv,"one row per month per subscription, capacity or service entitlement",Monthly controlled extract; refresh before each optimization gate,synthetic_demo_reviewed
meridian_health_global,v1-golden-evidence,CF-003,VND-003,Sterling Workforce Systems, Inc.,2025-09,Release advisory hours,9600,6555,0.683,61000,3045,underused_entitlement_review,usage / entitlement / consumption platforms,Sterling tenant admin export; Prism usage export; vendor monthly service pack,USE-CF-003-2025-09-Release-advisory-hours,CF-003_usage_entitlement_monthly.csv,"one row per month per subscription, capacity or service entitlement",Monthly controlled extract; refresh before each optimization gate,synthetic_demo_reviewed
meridian_health_global,v1-golden-evidence,CF-003,VND-003,Sterling Workforce Systems, Inc.,2025-10,Sterling Prism users,5200,3221,0.619,74000,1979,underused_entitlement_review,usage / entitlement / consumption platforms,Sterling tenant admin export; Prism usage export; vendor monthly service pack,USE-CF-003-2025-10-Prism-Analytics-users,CF-003_usage_entitlement_monthly.csv,"one row per month per subscription, capacity or service entitlement",Monthly controlled extract; refresh before each optimization gate,synthetic_demo_reviewed
meridian_health_global,v1-golden-evidence,CF-003,VND-003,Sterling Workforce Systems, Inc.,2025-10,Sterling Extend app entitlement,38,20,0.526,94000,18,underused_entitlement_review,usage / entitlement / consumption platforms,Sterling tenant admin export; Prism usage export; vendor monthly service pack,USE-CF-003-2025-10-Sterling-Extend-app-entitlement,CF-003_usage_entitlement_monthly.csv,"one row per month per subscription, capacity or service entitlement",Monthly controlled extract; refresh before each optimization gate,synthetic_demo_reviewed
meridian_health_global,v1-golden-evidence,CF-003,VND-003,Sterling Workforce Systems, Inc.,2025-10,Release advisory hours,9600,6637,0.691,61000,2963,underused_entitlement_review,usage / entitlement / consumption platforms,Sterling tenant admin export; Prism usage export; vendor monthly service pack,USE-CF-003-2025-10-Release-advisory-hours,CF-003_usage_entitlement_monthly.csv,"one row per month per subscription, capacity or service entitlement",Monthly controlled extract; refresh before each optimization gate,synthetic_demo_reviewed
meridian_health_global,v1-golden-evidence,CF-003,VND-003,Sterling Workforce Systems, Inc.,2025-11,Sterling Prism users,5200,3260,0.627,74000,1940,underused_entitlement_review,usage / entitlement / consumption platforms,Sterling tenant admin export; Prism usage export; vendor monthly service pack,USE-CF-003-2025-11-Prism-Analytics-users,CF-003_usage_entitlement_monthly.csv,"one row per month per subscription, capacity or service entitlement",Monthly controlled extract; refresh before each optimization gate,synthetic_demo_reviewed
meridian_health_global,v1-golden-evidence,CF-003,VND-003,Sterling Workforce Systems, Inc.,2025-11,Sterling Extend app entitlement,38,21,0.553,94000,17,underused_entitlement_review,usage / entitlement / consumption platforms,Sterling tenant admin export; Prism usage export; vendor monthly service pack,USE-CF-003-2025-11-Sterling-Extend-app-entitlement,CF-003_usage_entitlement_monthly.csv,"one row per month per subscription, capacity or service entitlement",Monthly controlled extract; refresh before each optimization gate,synthetic_demo_reviewed
meridian_health_global,v1-golden-evidence,CF-003,VND-003,Sterling Workforce Systems, Inc.,2025-11,Release advisory hours,9600,6718,0.700,61000,2882,underused_entitlement_review,usage / entitlement / consumption platforms,Sterling tenant admin export; Prism usage export; vendor monthly service pack,USE-CF-003-2025-11-Release-advisory-hours,CF-003_usage_entitlement_monthly.csv,"one row per month per subscription, capacity or service entitlement",Monthly controlled extract; refresh before each optimization gate,synthetic_demo_reviewed
meridian_health_global,v1-golden-evidence,CF-003,VND-003,Sterling Workforce Systems, Inc.,2025-12,Sterling Prism users,5200,3102,0.597,74000,2098,underused_entitlement_review,usage / entitlement / consumption platforms,Sterling tenant admin export; Prism usage export; vendor monthly service pack,USE-CF-003-2025-12-Prism-Analytics-users,CF-003_usage_entitlement_monthly.csv,"one row per month per subscription, capacity or service entitlement",Monthly controlled extract; refresh before each optimization gate,synthetic_demo_reviewed
meridian_health_global,v1-golden-evidence,CF-003,VND-003,Sterling Workforce Systems, Inc.,2025-12,Sterling Extend app entitlement,38,20,0.526,94000,18,underused_entitlement_review,usage / entitlement / consumption platforms,Sterling tenant admin export; Prism usage export; vendor monthly service pack,USE-CF-003-2025-12-Sterling-Extend-app-entitlement,CF-003_usage_entitlement_monthly.csv,"one row per month per subscription, capacity or service entitlement",Monthly controlled extract; refresh before each optimization gate,synthetic_demo_reviewed
meridian_health_global,v1-golden-evidence,CF-003,VND-003,Sterling Workforce Systems, Inc.,2025-12,Release advisory hours,9600,6392,0.666,61000,3208,underused_entitlement_review,usage / entitlement / consumption platforms,Sterling tenant admin export; Prism usage export; vendor monthly service pack,USE-CF-003-2025-12-Release-advisory-hours,CF-003_usage_entitlement_monthly.csv,"one row per month per subscription, capacity or service entitlement",Monthly controlled extract; refresh before each optimization gate,synthetic_demo_reviewed
meridian_health_global,v1-golden-evidence,CF-003,VND-003,Sterling Workforce Systems, Inc.,2026-01,Sterling Prism users,5200,3142,0.604,74000,2058,underused_entitlement_review,usage / entitlement / consumption platforms,Sterling tenant admin export; Prism usage export; vendor monthly service pack,USE-CF-003-2026-01-Prism-Analytics-users,CF-003_usage_entitlement_monthly.csv,"one row per month per subscription, capacity or service entitlement",Monthly controlled extract; refresh before each optimization gate,synthetic_demo_reviewed
meridian_health_global,v1-golden-evidence,CF-003,VND-003,Sterling Workforce Systems, Inc.,2026-01,Sterling Extend app entitlement,38,20,0.526,94000,18,underused_entitlement_review,usage / entitlement / consumption platforms,Sterling tenant admin export; Prism usage export; vendor monthly service pack,USE-CF-003-2026-01-Sterling-Extend-app-entitlement,CF-003_usage_entitlement_monthly.csv,"one row per month per subscription, capacity or service entitlement",Monthly controlled extract; refresh before each optimization gate,synthetic_demo_reviewed
meridian_health_global,v1-golden-evidence,CF-003,VND-003,Sterling Workforce Systems, Inc.,2026-01,Release advisory hours,9600,6474,0.674,61000,3126,underused_entitlement_review,usage / entitlement / consumption platforms,Sterling tenant admin export; Prism usage export; vendor monthly service pack,USE-CF-003-2026-01-Release-advisory-hours,CF-003_usage_entitlement_monthly.csv,"one row per month per subscription, capacity or service entitlement",Monthly controlled extract; refresh before each optimization gate,synthetic_demo_reviewed
meridian_health_global,v1-golden-evidence,CF-003,VND-003,Sterling Workforce Systems, Inc.,2026-02,Sterling Prism users,5200,3181,0.612,74000,2019,underused_entitlement_review,usage / entitlement / consumption platforms,Sterling tenant admin export; Prism usage export; vendor monthly service pack,USE-CF-003-2026-02-Prism-Analytics-users,CF-003_usage_entitlement_monthly.csv,"one row per month per subscription, capacity or service entitlement",Monthly controlled extract; refresh before each optimization gate,synthetic_demo_reviewed
meridian_health_global,v1-golden-evidence,CF-003,VND-003,Sterling Workforce Systems, Inc.,2026-02,Sterling Extend app entitlement,38,20,0.526,94000,18,underused_entitlement_review,usage / entitlement / consumption platforms,Sterling tenant admin export; Prism usage export; vendor monthly service pack,USE-CF-003-2026-02-Sterling-Extend-app-entitlement,CF-003_usage_entitlement_monthly.csv,"one row per month per subscription, capacity or service entitlement",Monthly controlled extract; refresh before each optimization gate,synthetic_demo_reviewed
meridian_health_global,v1-golden-evidence,CF-003,VND-003,Sterling Workforce Systems, Inc.,2026-02,Release advisory hours,9600,6555,0.683,61000,3045,underused_entitlement_review,usage / entitlement / consumption platforms,Sterling tenant admin export; Prism usage export; vendor monthly service pack,USE-CF-003-2026-02-Release-advisory-hours,CF-003_usage_entitlement_monthly.csv,"one row per month per subscription, capacity or service entitlement",Monthly controlled extract; refresh before each optimization gate,synthetic_demo_reviewed
meridian_health_global,v1-golden-evidence,CF-003,VND-003,Sterling Workforce Systems, Inc.,2026-03,Sterling Prism users,5200,3221,0.619,74000,1979,underused_entitlement_review,usage / entitlement / consumption platforms,Sterling tenant admin export; Prism usage export; vendor monthly service pack,USE-CF-003-2026-03-Prism-Analytics-users,CF-003_usage_entitlement_monthly.csv,"one row per month per subscription, capacity or service entitlement",Monthly controlled extract; refresh before each optimization gate,synthetic_demo_reviewed
meridian_health_global,v1-golden-evidence,CF-003,VND-003,Sterling Workforce Systems, Inc.,2026-03,Sterling Extend app entitlement,38,20,0.526,94000,18,underused_entitlement_review,usage / entitlement / consumption platforms,Sterling tenant admin export; Prism usage export; vendor monthly service pack,USE-CF-003-2026-03-Sterling-Extend-app-entitlement,CF-003_usage_entitlement_monthly.csv,"one row per month per subscription, capacity or service entitlement",Monthly controlled extract; refresh before each optimization gate,synthetic_demo_reviewed
meridian_health_global,v1-golden-evidence,CF-003,VND-003,Sterling Workforce Systems, Inc.,2026-03,Release advisory hours,9600,6637,0.691,61000,2963,underused_entitlement_review,usage / entitlement / consumption platforms,Sterling tenant admin export; Prism usage export; vendor monthly service pack,USE-CF-003-2026-03-Release-advisory-hours,CF-003_usage_entitlement_monthly.csv,"one row per month per subscription, capacity or service entitlement",Monthly controlled extract; refresh before each optimization gate,synthetic_demo_reviewed
meridian_health_global,v1-golden-evidence,CF-003,VND-003,Sterling Workforce Systems, Inc.,2026-04,Sterling Prism users,5200,3260,0.627,74000,1940,underused_entitlement_review,usage / entitlement / consumption platforms,Sterling tenant admin export; Prism usage export; vendor monthly service pack,USE-CF-003-2026-04-Prism-Analytics-users,CF-003_usage_entitlement_monthly.csv,"one row per month per subscription, capacity or service entitlement",Monthly controlled extract; refresh before each optimization gate,synthetic_demo_reviewed
meridian_health_global,v1-golden-evidence,CF-003,VND-003,Sterling Workforce Systems, Inc.,2026-04,Sterling Extend app entitlement,38,21,0.553,94000,17,underused_entitlement_review,usage / entitlement / consumption platforms,Sterling tenant admin export; Prism usage export; vendor monthly service pack,USE-CF-003-2026-04-Sterling-Extend-app-entitlement,CF-003_usage_entitlement_monthly.csv,"one row per month per subscription, capacity or service entitlement",Monthly controlled extract; refresh before each optimization gate,synthetic_demo_reviewed
meridian_health_global,v1-golden-evidence,CF-003,VND-003,Sterling Workforce Systems, Inc.,2026-04,Release advisory hours,9600,6718,0.700,61000,2882,underused_entitlement_review,usage / entitlement / consumption platforms,Sterling tenant admin export; Prism usage export; vendor monthly service pack,USE-CF-003-2026-04-Release-advisory-hours,CF-003_usage_entitlement_monthly.csv,"one row per month per subscription, capacity or service entitlement",Monthly controlled extract; refresh before each optimization gate,synthetic_demo_reviewed
meridian_health_global,v1-golden-evidence,CF-003,VND-003,Sterling Workforce Systems, Inc.,2026-05,Sterling Prism users,5200,3102,0.597,74000,2098,underused_entitlement_review,usage / entitlement / consumption platforms,Sterling tenant admin export; Prism usage export; vendor monthly service pack,USE-CF-003-2026-05-Prism-Analytics-users,CF-003_usage_entitlement_monthly.csv,"one row per month per subscription, capacity or service entitlement",Monthly controlled extract; refresh before each optimization gate,synthetic_demo_reviewed
meridian_health_global,v1-golden-evidence,CF-003,VND-003,Sterling Workforce Systems, Inc.,2026-05,Sterling Extend app entitlement,38,20,0.526,94000,18,underused_entitlement_review,usage / entitlement / consumption platforms,Sterling tenant admin export; Prism usage export; vendor monthly service pack,USE-CF-003-2026-05-Sterling-Extend-app-entitlement,CF-003_usage_entitlement_monthly.csv,"one row per month per subscription, capacity or service entitlement",Monthly controlled extract; refresh before each optimization gate,synthetic_demo_reviewed
meridian_health_global,v1-golden-evidence,CF-003,VND-003,Sterling Workforce Systems, Inc.,2026-05,Release advisory hours,9600,6392,0.666,61000,3208,underused_entitlement_review,usage / entitlement / consumption platforms,Sterling tenant admin export; Prism usage export; vendor monthly service pack,USE-CF-003-2026-05-Release-advisory-hours,CF-003_usage_entitlement_monthly.csv,"one row per month per subscription, capacity or service entitlement",Monthly controlled extract; refresh before each optimization gate,synthetic_demo_reviewed
meridian_health_global,v1-golden-evidence,CF-003,VND-003,Sterling Workforce Systems, Inc.,2026-06,Sterling Prism users,5200,3142,0.604,74000,2058,underused_entitlement_review,usage / entitlement / consumption platforms,Sterling tenant admin export; Prism usage export; vendor monthly service pack,USE-CF-003-2026-06-Prism-Analytics-users,CF-003_usage_entitlement_monthly.csv,"one row per month per subscription, capacity or service entitlement",Monthly controlled extract; refresh before each optimization gate,synthetic_demo_reviewed
meridian_health_global,v1-golden-evidence,CF-003,VND-003,Sterling Workforce Systems, Inc.,2026-06,Sterling Extend app entitlement,38,20,0.526,94000,18,underused_entitlement_review,usage / entitlement / consumption platforms,Sterling tenant admin export; Prism usage export; vendor monthly service pack,USE-CF-003-2026-06-Sterling-Extend-app-entitlement,CF-003_usage_entitlement_monthly.csv,"one row per month per subscription, capacity or service entitlement",Monthly controlled extract; refresh before each optimization gate,synthetic_demo_reviewed
meridian_health_global,v1-golden-evidence,CF-003,VND-003,Sterling Workforce Systems, Inc.,2026-06,Release advisory hours,9600,6474,0.674,61000,3126,underused_entitlement_review,usage / entitlement / consumption platforms,Sterling tenant admin export; Prism usage export; vendor monthly service pack,USE-CF-003-2026-06-Release-advisory-hours,CF-003_usage_entitlement_monthly.csv,"one row per month per subscription, capacity or service entitlement",Monthly controlled extract; refresh before each optimization gate,synthetic_demo_reviewed
meridian_health_global,v1-golden-evidence,CF-003,VND-003,Sterling Workforce Systems, Inc.,2026-07,Sterling Prism users,5200,3181,0.612,74000,2019,underused_entitlement_review,usage / entitlement / consumption platforms,Sterling tenant admin export; Prism usage export; vendor monthly service pack,USE-CF-003-2026-07-Prism-Analytics-users,CF-003_usage_entitlement_monthly.csv,"one row per month per subscription, capacity or service entitlement",Monthly controlled extract; refresh before each optimization gate,synthetic_demo_reviewed
meridian_health_global,v1-golden-evidence,CF-003,VND-003,Sterling Workforce Systems, Inc.,2026-07,Sterling Extend app entitlement,38,20,0.526,94000,18,underused_entitlement_review,usage / entitlement / consumption platforms,Sterling tenant admin export; Prism usage export; vendor monthly service pack,USE-CF-003-2026-07-Sterling-Extend-app-entitlement,CF-003_usage_entitlement_monthly.csv,"one row per month per subscription, capacity or service entitlement",Monthly controlled extract; refresh before each optimization gate,synthetic_demo_reviewed
meridian_health_global,v1-golden-evidence,CF-003,VND-003,Sterling Workforce Systems, Inc.,2026-07,Release advisory hours,9600,6555,0.683,61000,3045,underused_entitlement_review,usage / entitlement / consumption platforms,Sterling tenant admin export; Prism usage export; vendor monthly service pack,USE-CF-003-2026-07-Release-advisory-hours,CF-003_usage_entitlement_monthly.csv,"one row per month per subscription, capacity or service entitlement",Monthly controlled extract; refresh before each optimization gate,synthetic_demo_reviewed
meridian_health_global,v1-golden-evidence,CF-003,VND-003,Sterling Workforce Systems, Inc.,2026-08,Sterling Prism users,5200,3221,0.619,74000,1979,underused_entitlement_review,usage / entitlement / consumption platforms,Sterling tenant admin export; Prism usage export; vendor monthly service pack,USE-CF-003-2026-08-Prism-Analytics-users,CF-003_usage_entitlement_monthly.csv,"one row per month per subscription, capacity or service entitlement",Monthly controlled extract; refresh before each optimization gate,synthetic_demo_reviewed
meridian_health_global,v1-golden-evidence,CF-003,VND-003,Sterling Workforce Systems, Inc.,2026-08,Sterling Extend app entitlement,38,20,0.526,94000,18,underused_entitlement_review,usage / entitlement / consumption platforms,Sterling tenant admin export; Prism usage export; vendor monthly service pack,USE-CF-003-2026-08-Sterling-Extend-app-entitlement,CF-003_usage_entitlement_monthly.csv,"one row per month per subscription, capacity or service entitlement",Monthly controlled extract; refresh before each optimization gate,synthetic_demo_reviewed
meridian_health_global,v1-golden-evidence,CF-003,VND-003,Sterling Workforce Systems, Inc.,2026-08,Release advisory hours,9600,6637,0.691,61000,2963,underused_entitlement_review,usage / entitlement / consumption platforms,Sterling tenant admin export; Prism usage export; vendor monthly service pack,USE-CF-003-2026-08-Release-advisory-hours,CF-003_usage_entitlement_monthly.csv,"one row per month per subscription, capacity or service entitlement",Monthly controlled extract; refresh before each optimization gate,synthetic_demo_reviewed
meridian_health_global,v1-golden-evidence,CF-003,VND-003,Sterling Workforce Systems, Inc.,2026-09,Sterling Prism users,5200,3260,0.627,74000,1940,underused_entitlement_review,usage / entitlement / consumption platforms,Sterling tenant admin export; Prism usage export; vendor monthly service pack,USE-CF-003-2026-09-Prism-Analytics-users,CF-003_usage_entitlement_monthly.csv,"one row per month per subscription, capacity or service entitlement",Monthly controlled extract; refresh before each optimization gate,synthetic_demo_reviewed
meridian_health_global,v1-golden-evidence,CF-003,VND-003,Sterling Workforce Systems, Inc.,2026-09,Sterling Extend app entitlement,38,21,0.553,94000,17,underused_entitlement_review,usage / entitlement / consumption platforms,Sterling tenant admin export; Prism usage export; vendor monthly service pack,USE-CF-003-2026-09-Sterling-Extend-app-entitlement,CF-003_usage_entitlement_monthly.csv,"one row per month per subscription, capacity or service entitlement",Monthly controlled extract; refresh before each optimization gate,synthetic_demo_reviewed
meridian_health_global,v1-golden-evidence,CF-003,VND-003,Sterling Workforce Systems, Inc.,2026-09,Release advisory hours,9600,6718,0.700,61000,2882,underused_entitlement_review,usage / entitlement / consumption platforms,Sterling tenant admin export; Prism usage export; vendor monthly service pack,USE-CF-003-2026-09-Release-advisory-hours,CF-003_usage_entitlement_monthly.csv,"one row per month per subscription, capacity or service entitlement",Monthly controlled extract; refresh before each optimization gate,synthetic_demo_reviewed
meridian_health_global,v1-golden-evidence,CF-003,VND-003,Sterling Workforce Systems, Inc.,2026-10,Sterling Prism users,5200,3102,0.597,74000,2098,underused_entitlement_review,usage / entitlement / consumption platforms,Sterling tenant admin export; Prism usage export; vendor monthly service pack,USE-CF-003-2026-10-Prism-Analytics-users,CF-003_usage_entitlement_monthly.csv,"one row per month per subscription, capacity or service entitlement",Monthly controlled extract; refresh before each optimization gate,synthetic_demo_reviewed
meridian_health_global,v1-golden-evidence,CF-003,VND-003,Sterling Workforce Systems, Inc.,2026-10,Sterling Extend app entitlement,38,20,0.526,94000,18,underused_entitlement_review,usage / entitlement / consumption platforms,Sterling tenant admin export; Prism usage export; vendor monthly service pack,USE-CF-003-2026-10-Sterling-Extend-app-entitlement,CF-003_usage_entitlement_monthly.csv,"one row per month per subscription, capacity or service entitlement",Monthly controlled extract; refresh before each optimization gate,synthetic_demo_reviewed
meridian_health_global,v1-golden-evidence,CF-003,VND-003,Sterling Workforce Systems, Inc.,2026-10,Release advisory hours,9600,6392,0.666,61000,3208,underused_entitlement_review,usage / entitlement / consumption platforms,Sterling tenant admin export; Prism usage export; vendor monthly service pack,USE-CF-003-2026-10-Release-advisory-hours,CF-003_usage_entitlement_monthly.csv,"one row per month per subscription, capacity or service entitlement",Monthly controlled extract; refresh before each optimization gate,synthetic_demo_reviewed
meridian_health_global,v1-golden-evidence,CF-003,VND-003,Sterling Workforce Systems, Inc.,2026-11,Sterling Prism users,5200,3142,0.604,74000,2058,underused_entitlement_review,usage / entitlement / consumption platforms,Sterling tenant admin export; Prism usage export; vendor monthly service pack,USE-CF-003-2026-11-Prism-Analytics-users,CF-003_usage_entitlement_monthly.csv,"one row per month per subscription, capacity or service entitlement",Monthly controlled extract; refresh before each optimization gate,synthetic_demo_reviewed
meridian_health_global,v1-golden-evidence,CF-003,VND-003,Sterling Workforce Systems, Inc.,2026-11,Sterling Extend app entitlement,38,20,0.526,94000,18,underused_entitlement_review,usage / entitlement / consumption platforms,Sterling tenant admin export; Prism usage export; vendor monthly service pack,USE-CF-003-2026-11-Sterling-Extend-app-entitlement,CF-003_usage_entitlement_monthly.csv,"one row per month per subscription, capacity or service entitlement",Monthly controlled extract; refresh before each optimization gate,synthetic_demo_reviewed
meridian_health_global,v1-golden-evidence,CF-003,VND-003,Sterling Workforce Systems, Inc.,2026-11,Release advisory hours,9600,6474,0.674,61000,3126,underused_entitlement_review,usage / entitlement / consumption platforms,Sterling tenant admin export; Prism usage export; vendor monthly service pack,USE-CF-003-2026-11-Release-advisory-hours,CF-003_usage_entitlement_monthly.csv,"one row per month per subscription, capacity or service entitlement",Monthly controlled extract; refresh before each optimization gate,synthetic_demo_reviewed
meridian_health_global,v1-golden-evidence,CF-003,VND-003,Sterling Workforce Systems, Inc.,2026-12,Sterling Prism users,5200,3181,0.612,74000,2019,underused_entitlement_review,usage / entitlement / consumption platforms,Sterling tenant admin export; Prism usage export; vendor monthly service pack,USE-CF-003-2026-12-Prism-Analytics-users,CF-003_usage_entitlement_monthly.csv,"one row per month per subscription, capacity or service entitlement",Monthly controlled extract; refresh before each optimization gate,synthetic_demo_reviewed
meridian_health_global,v1-golden-evidence,CF-003,VND-003,Sterling Workforce Systems, Inc.,2026-12,Sterling Extend app entitlement,38,20,0.526,94000,18,underused_entitlement_review,usage / entitlement / consumption platforms,Sterling tenant admin export; Prism usage export; vendor monthly service pack,USE-CF-003-2026-12-Sterling-Extend-app-entitlement,CF-003_usage_entitlement_monthly.csv,"one row per month per subscription, capacity or service entitlement",Monthly controlled extract; refresh before each optimization gate,synthetic_demo_reviewed
meridian_health_global,v1-golden-evidence,CF-003,VND-003,Sterling Workforce Systems, Inc.,2026-12,Release advisory hours,9600,6555,0.683,61000,3045,underused_entitlement_review,usage / entitlement / consumption platforms,Sterling tenant admin export; Prism usage export; vendor monthly service pack,USE-CF-003-2026-12-Release-advisory-hours,CF-003_usage_entitlement_monthly.csv,"one row per month per subscription, capacity or service entitlement",Monthly controlled extract; refresh before each optimization gate,synthetic_demo_reviewed
meridian_health_global,v1-golden-evidence,CF-003,VND-003,Sterling Workforce Systems, Inc.,2027-01,Sterling Prism users,5200,3221,0.619,74000,1979,underused_entitlement_review,usage / entitlement / consumption platforms,Sterling tenant admin export; Prism usage export; vendor monthly service pack,USE-CF-003-2027-01-Prism-Analytics-users,CF-003_usage_entitlement_monthly.csv,"one row per month per subscription, capacity or service entitlement",Monthly controlled extract; refresh before each optimization gate,synthetic_demo_reviewed
meridian_health_global,v1-golden-evidence,CF-003,VND-003,Sterling Workforce Systems, Inc.,2027-01,Sterling Extend app entitlement,38,20,0.526,94000,18,underused_entitlement_review,usage / entitlement / consumption platforms,Sterling tenant admin export; Prism usage export; vendor monthly service pack,USE-CF-003-2027-01-Sterling-Extend-app-entitlement,CF-003_usage_entitlement_monthly.csv,"one row per month per subscription, capacity or service entitlement",Monthly controlled extract; refresh before each optimization gate,synthetic_demo_reviewed
meridian_health_global,v1-golden-evidence,CF-003,VND-003,Sterling Workforce Systems, Inc.,2027-01,Release advisory hours,9600,6637,0.691,61000,2963,underused_entitlement_review,usage / entitlement / consumption platforms,Sterling tenant admin export; Prism usage export; vendor monthly service pack,USE-CF-003-2027-01-Release-advisory-hours,CF-003_usage_entitlement_monthly.csv,"one row per month per subscription, capacity or service entitlement",Monthly controlled extract; refresh before each optimization gate,synthetic_demo_reviewed
meridian_health_global,v1-golden-evidence,CF-003,VND-003,Sterling Workforce Systems, Inc.,2027-02,Sterling Prism users,5200,3260,0.627,74000,1940,underused_entitlement_review,usage / entitlement / consumption platforms,Sterling tenant admin export; Prism usage export; vendor monthly service pack,USE-CF-003-2027-02-Prism-Analytics-users,CF-003_usage_entitlement_monthly.csv,"one row per month per subscription, capacity or service entitlement",Monthly controlled extract; refresh before each optimization gate,synthetic_demo_reviewed
meridian_health_global,v1-golden-evidence,CF-003,VND-003,Sterling Workforce Systems, Inc.,2027-02,Sterling Extend app entitlement,38,21,0.553,94000,17,underused_entitlement_review,usage / entitlement / consumption platforms,Sterling tenant admin export; Prism usage export; vendor monthly service pack,USE-CF-003-2027-02-Sterling-Extend-app-entitlement,CF-003_usage_entitlement_monthly.csv,"one row per month per subscription, capacity or service entitlement",Monthly controlled extract; refresh before each optimization gate,synthetic_demo_reviewed
meridian_health_global,v1-golden-evidence,CF-003,VND-003,Sterling Workforce Systems, Inc.,2027-02,Release advisory hours,9600,6718,0.700,61000,2882,underused_entitlement_review,usage / entitlement / consumption platforms,Sterling tenant admin export; Prism usage export; vendor monthly service pack,USE-CF-003-2027-02-Release-advisory-hours,CF-003_usage_entitlement_monthly.csv,"one row per month per subscription, capacity or service entitlement",Monthly controlled extract; refresh before each optimization gate,synthetic_demo_reviewed
meridian_health_global,v1-golden-evidence,CF-003,VND-003,Sterling Workforce Systems, Inc.,2027-03,Sterling Prism users,5200,3102,0.597,74000,2098,underused_entitlement_review,usage / entitlement / consumption platforms,Sterling tenant admin export; Prism usage export; vendor monthly service pack,USE-CF-003-2027-03-Prism-Analytics-users,CF-003_usage_entitlement_monthly.csv,"one row per month per subscription, capacity or service entitlement",Monthly controlled extract; refresh before each optimization gate,synthetic_demo_reviewed
meridian_health_global,v1-golden-evidence,CF-003,VND-003,Sterling Workforce Systems, Inc.,2027-03,Sterling Extend app entitlement,38,20,0.526,94000,18,underused_entitlement_review,usage / entitlement / consumption platforms,Sterling tenant admin export; Prism usage export; vendor monthly service pack,USE-CF-003-2027-03-Sterling-Extend-app-entitlement,CF-003_usage_entitlement_monthly.csv,"one row per month per subscription, capacity or service entitlement",Monthly controlled extract; refresh before each optimization gate,synthetic_demo_reviewed
meridian_health_global,v1-golden-evidence,CF-003,VND-003,Sterling Workforce Systems, Inc.,2027-03,Release advisory hours,9600,6392,0.666,61000,3208,underused_entitlement_review,usage / entitlement / consumption platforms,Sterling tenant admin export; Prism usage export; vendor monthly service pack,USE-CF-003-2027-03-Release-advisory-hours,CF-003_usage_entitlement_monthly.csv,"one row per month per subscription, capacity or service entitlement",Monthly controlled extract; refresh before each optimization gate,synthetic_demo_reviewed
meridian_health_global,v1-golden-evidence,CF-003,VND-003,Sterling Workforce Systems, Inc.,2027-04,Sterling Prism users,5200,3142,0.604,74000,2058,underused_entitlement_review,usage / entitlement / consumption platforms,Sterling tenant admin export; Prism usage export; vendor monthly service pack,USE-CF-003-2027-04-Prism-Analytics-users,CF-003_usage_entitlement_monthly.csv,"one row per month per subscription, capacity or service entitlement",Monthly controlled extract; refresh before each optimization gate,synthetic_demo_reviewed
meridian_health_global,v1-golden-evidence,CF-003,VND-003,Sterling Workforce Systems, Inc.,2027-04,Sterling Extend app entitlement,38,20,0.526,94000,18,underused_entitlement_review,usage / entitlement / consumption platforms,Sterling tenant admin export; Prism usage export; vendor monthly service pack,USE-CF-003-2027-04-Sterling-Extend-app-entitlement,CF-003_usage_entitlement_monthly.csv,"one row per month per subscription, capacity or service entitlement",Monthly controlled extract; refresh before each optimization gate,synthetic_demo_reviewed
meridian_health_global,v1-golden-evidence,CF-003,VND-003,Sterling Workforce Systems, Inc.,2027-04,Release advisory hours,9600,6474,0.674,61000,3126,underused_entitlement_review,usage / entitlement / consumption platforms,Sterling tenant admin export; Prism usage export; vendor monthly service pack,USE-CF-003-2027-04-Release-advisory-hours,CF-003_usage_entitlement_monthly.csv,"one row per month per subscription, capacity or service entitlement",Monthly controlled extract; refresh before each optimization gate,synthetic_demo_reviewed
meridian_health_global,v1-golden-evidence,CF-003,VND-003,Sterling Workforce Systems, Inc.,2027-05,Sterling Prism users,5200,3181,0.612,74000,2019,underused_entitlement_review,usage / entitlement / consumption platforms,Sterling tenant admin export; Prism usage export; vendor monthly service pack,USE-CF-003-2027-05-Prism-Analytics-users,CF-003_usage_entitlement_monthly.csv,"one row per month per subscription, capacity or service entitlement",Monthly controlled extract; refresh before each optimization gate,synthetic_demo_reviewed
meridian_health_global,v1-golden-evidence,CF-003,VND-003,Sterling Workforce Systems, Inc.,2027-05,Sterling Extend app entitlement,38,20,0.526,94000,18,underused_entitlement_review,usage / entitlement / consumption platforms,Sterling tenant admin export; Prism usage export; vendor monthly service pack,USE-CF-003-2027-05-Sterling-Extend-app-entitlement,CF-003_usage_entitlement_monthly.csv,"one row per month per subscription, capacity or service entitlement",Monthly controlled extract; refresh before each optimization gate,synthetic_demo_reviewed
meridian_health_global,v1-golden-evidence,CF-003,VND-003,Sterling Workforce Systems, Inc.,2027-05,Release advisory hours,9600,6555,0.683,61000,3045,underused_entitlement_review,usage / entitlement / consumption platforms,Sterling tenant admin export; Prism usage export; vendor monthly service pack,USE-CF-003-2027-05-Release-advisory-hours,CF-003_usage_entitlement_monthly.csv,"one row per month per subscription, capacity or service entitlement",Monthly controlled extract; refresh before each optimization gate,synthetic_demo_reviewed
meridian_health_global,v1-golden-evidence,CF-003,VND-003,Sterling Workforce Systems, Inc.,2027-06,Sterling Prism users,5200,3221,0.619,74000,1979,underused_entitlement_review,usage / entitlement / consumption platforms,Sterling tenant admin export; Prism usage export; vendor monthly service pack,USE-CF-003-2027-06-Prism-Analytics-users,CF-003_usage_entitlement_monthly.csv,"one row per month per subscription, capacity or service entitlement",Monthly controlled extract; refresh before each optimization gate,synthetic_demo_reviewed
meridian_health_global,v1-golden-evidence,CF-003,VND-003,Sterling Workforce Systems, Inc.,2027-06,Sterling Extend app entitlement,38,20,0.526,94000,18,underused_entitlement_review,usage / entitlement / consumption platforms,Sterling tenant admin export; Prism usage export; vendor monthly service pack,USE-CF-003-2027-06-Sterling-Extend-app-entitlement,CF-003_usage_entitlement_monthly.csv,"one row per month per subscription, capacity or service entitlement",Monthly controlled extract; refresh before each optimization gate,synthetic_demo_reviewed
meridian_health_global,v1-golden-evidence,CF-003,VND-003,Sterling Workforce Systems, Inc.,2027-06,Release advisory hours,9600,6637,0.691,61000,2963,underused_entitlement_review,usage / entitlement / consumption platforms,Sterling tenant admin export; Prism usage export; vendor monthly service pack,USE-CF-003-2027-06-Release-advisory-hours,CF-003_usage_entitlement_monthly.csv,"one row per month per subscription, capacity or service entitlement",Monthly controlled extract; refresh before each optimization gate,synthetic_demo_reviewed
